graphie	identifiant
Accio	Accius
Acland, H. W.	Acland
Adam	Adam
Addison	Addison
Addison, Joseph	Addison
Addison’s	Addison
Agésandre	Agésandre
Agesandro	Agésandre
Argia da Trezene	Agias
Akenside	Akenside
Akenside, Mark	Akenside
Albani, Francesco	Albani
Francesco Albani’s	Albani
Alcamene	Alcamene
Alcæ’us	Alcée
Alcæus	Alcée
Alciat	Alciato
Alcmane	Alcman
Alcmano	Alcman
Aldrich, T. B.	Aldrich
T. B. Aldrich	Aldrich
Alfieri	Alfieri
Allen	Allen
Anacreon	Anacréon
Anacreonte	Anacréon
Anacreontiche	Anacréon
Anassagora	Anaxagore
Anderson, R. B.	Anderson
Anderson’s	Anderson
R. B. Anderson’s	Anderson
A. Pisano	Pisano A.
Pisano, Andrea	Pisano A.
Andronico Cirreste	Andronicus Cyrrhestes
Anquetil-Duperron	Antequil-Duperron
Charles Anthon	Anthon
Antimaco di Colofone	Antimaque
Antistene Cinico	Antisthène
Anyte	Anyte
Apel’les	Apelle
Apelle	Apelle
Apelles	Apelle
Apollod.	Apollodore
Apollodo’rus	Apollodore
Apollodoro	Apollodore
Apollodorus	Apollodore
Apollonio Ateniese	Apollonios de Rhodes
Apollo’nius (of Rhodes)	Apollonios de Rhodes
Apollon. Rhod.	Apollonios de Rhodes
Apollonio	Apollonios de Rhodes
Apollonio di Rodi	Apollonios de Rhodes
Apollonius	Apollonios de Rhodes
Apollonius of Rhodes	Apollonios de Rhodes
Apollonius Rhodius	Apollonios de Rhodes
Apollonio e Taurisco di Tralle
W. H. Appleton’s	Appleton
Appleton	Appleton
Apule’ius	Apulée
Apulée	Apulée
Apuleiana	Apulée
Apuleius	Apulée
Apulejo	Apulée
Arato	Aratos
Archiloco	Archiloque
Artino	Arctinos
Arion	Arion
Arion’s	Arion
Ariosto	Ariosto
Aristea	Aristée
Aristofano	Aristophane
Aristoph’a-nes	Aristophane
Aristophanes	Aristophane
Aristophane	Aristophane
Aristotle	Aristote
Armstrong, John	Armstrong
Armstrong, W. J.	Armstrong
D’Arnaud	D'Arnaud
Arngrim Johnsson	Jónsson
Arne Magnusson	Magnússon
Arnold, Edwin	Arnold E.
Arnold, Sir E.	Arnold E.
Arnold’s	Arnold E.
E. Arnold	Arnold E.
Edwin Arnold	Arnold E.
Sir Edwin Arnold	Arnold E.
Arnold, M.	Arnold M.
Arnold, Matthew	Arnold M.
Id’s	Arnold M.
M. Arn.	Arnold M.
M. Arnold	Arnold M.
Matthew Arnold	Arnold M.
Matthew Arnold’s	Arnold M.
Ashe, Thos.	Ashe
Thos. Ashe	Ashe
Atenodoro	Athénodore
Athénodore	Athénodore
Aubert	Aubert
St. Augustine	Augustin
Saint Augustin	Augustin
Gellius	Aulu-Gelle
Aurelius Victor	Aurelius Victor
Ausonius	Ausone
Bacon	Bacon
Bacon, Lord	Bacon
Lord Bacon	Bacon
Le Bailli	Bailly
Lebailly	Bailly
Baldwin	Baldwin
Baldwin, Jas.	Baldwin
Father Baltus	Baltus
Balze	Balze
Bandinelli	Bandinelli
Bandinelli, B.	Bandinelli
Ab. Banier	Banier
Abbé	Banier
Abbé Banier	Banier
Banier	Banier
Baour-Lormian	Baour-Lormian
Barberet	Barberet
Barbier	Barbier
Barnfield, Richard	Barnfield
Richard Barnfield	Barnfield
Barthe	Barthe
J.-J. Barthélemy	Barthélemy J.-J.
Pietro Sante Bartoli	Bartoli
Bartsch	Bartsch
Bartsch, K. F.	Bartsch
Bates, H.	Bates
H. Bates	Bates
Harry Bates	Bates
Baude	Baude
Sénecé	Sénecé
Baumeister	Baumeister
Baumeister’s	Baumeister
Gilbert Bayes	Bayes
Bayle	Bayle
Beattie, James	Beattie
James Beattie	Beattie
Beauharnois	Beauharnois
Beaumont	Beaumont
Beaumont, Francis	Beaumont
Beddoes, Thomas Lovell	Beddoes
T. L. Beddoes	Beddoes
Bellotti	Bellotti
Benfey	Benfey
Bennett, W. C.	Bennett
W. C. Bennett	Bennett
Bérenger	Bérenger
Bergier	Bergier
Bergk	Bergk
Bernard	Bernard
Bernin	Bernini
Bernini	Bernini
Bernini, Lorenzo	Bernini
Bernini’s	Bernini
Lorenzo Bernini’s	Bernini
Bernis	Bernis
Berosus	Bérose
Bertaut	Bertaut
Bertoux, Guillome	Bertoux
Beyschlag, J. R.	Beyschlag
R. Beyschlag’s	Beyschlag
Robert Beyschlag	Beyschlag
Bias	Bias
Bi?on	Bion
Bion	Bion
Bion’s	Bion
Biorn of Scardsa	Björn
Johnson, Biorn, of Scardsa	Björn
Blackie, J. S.	Blackie
J. S. Blackie	Blackie
J. S. Blackie’s	Blackie
Blake, William	Blake
William Blake	Blake
Bland	Bland
R. Bland	Bland
Blin de Sainmore	Blin de Sainmore
Boccacci	Boccaccio
Boccaccio	Boccaccio
Bodart	Bodart
Bodenhausen, C. von	Bodenhausen
C. von Bodenhausen	Bodenhausen
Bodmer	Bodmer
Bodmer, J. J.	Bodmer
J. J. Bodmer	Bodmer
Boileau	Boileau
Borde	Borde
Bordone	Bordone
Bossuet	Bossuet
Boufflers	Boufflers
Bouguereau	Bouguereau
Bouguereau, A. W.	Bouguereau
Bouguereau’s	Bouguereau
Bouhier	Bouhier
Riveri	Riveri
Bupales	Boupalos
Bourdic	Bourdic
D’Antremont	D’Antremont
Boursault	Boursault
Bowring	Bowring
Bowring, E. A.	Bowring
Bowring’s	Bowring
E. A. Bowring	Bowring
E. A. Bowring’s	Bowring
Boyesen	Boyesen
Bramante	Bramante
Brandi, Giacinto	Brandi
Brébeuf	Brébeuf
C. T. Brooks	Brooks
Broome	Broome
Browning, E. B.	Browning E.
E. B. Browning	Browning E.
Elizabeth Barrett Browning	Browning E.
Mrs. Browning	Browning E.
Mrs. Browning’s	Browning E.
Browning	Browning R.
Browning, R.	Browning R.
Browning’s	Browning R.
R. Browning	Browning R.
Robert Browning	Browning R.
Bruneau	Bruneau
Brunel	Brunel
Bryant, Jacob	Bryant J.
Jacob Bryant	Bryant J.
Bryant	Bryant W.
Bryant, W. C.	Bryant W.
Bryant’s	Bryant W.
W. C. Bryant	Bryant W.
Bishop Bryniolf Sveinsson	Brynjólfur
Bryniolf’s	Brynjólfur
Sveinsson, Bp. Bryniolf	Brynjólfur
Buchanan	Buchanan
Buchanan, R. W.	Buchanan
R. Buchanan	Buchanan
Robert Buchanan	Buchanan
Robert Buchanan’s	Buchanan
Bucklie, T. A.	Buckley
T. A. Bucklie’s	Buckley
Budge, E. A.	Budge
Budge’s	Budge
Budgell	Budgell
Bugge, Sophus	Bugge
Sophus Bugge’s	Bugge
Bulfinch, S. G.	Bulfinch S. G.
S. G. B.	Bulfinch S. G.
S. G. B.’s	Bulfinch S. G.
S. G. Bulfinch	Bulfinch S. G.
Bulfinch	Bulfinch Th.
Bulfinch, Thos.	Bulfinch Th.
Bulfinch’s	Bulfinch Th.
Thomas Bulfinch	Bulfinch Th.
Bupale	Bupale de Chios
Burges	Burges
Burges, G.	Burges
Burne-Jones	Burne-Jones
Burne-Jones, E.	Burne-Jones
Burne-Jones’	Burne-Jones
E. Burne-Jones	Burne-Jones
Sir E. Burne-Jones	Burne-Jones
Burnouf	Burnouf
Burns	Burns
Burns, R.	Burns
Bussi	Bussy
Butcher	Butcher
Butcher, S. H.	Butcher
Butler	Butler
Byron	Byron
Byron, George Gordon, Lord	Byron
Byron’s	Byron
John Caird	Caird
Call, W. M. W.	Call
W. M. W. Call	Call
Callimachei	Callimaque
Callimachus	Callimaque
Callimaco	Callimaque
Calot	Callot
C. S. Calverley	Calverley
C. S. Calverley’s	Calverley
Calverley	Calverley
Calverley, C. S.	Calverley
Calverley’s	Calverley
Camoens’	Camões
Lewis Campbell’s	Campbell L.
Campbell	Campbell Th.
Campbell, Thomas	Campbell Th.
Thos. Campbell	Campbell Th.
Campistron	Campistron
Canova	Canova
Canova, Antonio	Canova
Canova’s	Canova
Lord Carlisle	Carlisle
Carlyle, Thos.	Carlyle
Carlyle’s	Carlyle
T. Carlyle	Carlyle
Annibale Carracci	Carracci A.
Carracci, Annibale	Carracci A.
Carracci	Carracci L.
Carracci, Ludovico	Carracci L.
La Rosalba	La Rosalba
Castel	Castel
Castilhon	Castilhon
Catul’lus	Catulle
catulliano	Catulle
Catullo	Catulle
Catullus	Catulle
Catullus’	Catulle
Catulle	Catulle
Benvenuto Cellini	Cellini
Benvenuto Cellini’s	Cellini
Cellini	Cellini
Cellini, Benvenuto	Cellini
Cellini’s	Cellini
Cefisodoto	Céphisodote
Cérutti	Cérutti
Cervantes	Cervantes
Cervantes, Miguel de	Cervantes
Cesar	César
Julius Caesar	César
Julius Cesar	César
César	César
Chabanon	Chabanon
Chapman	Chapman
Chapman, G.	Chapman
Chapman’s	Chapman
Care di Lindo	Charès
Charès	Charès
Chas	Chas
Chaucer	Chaucer
Chaucer, Geoffrey	Chaucer
Chaucer’s	Chaucer
Chaulieu	Chaulieu
Chilon	Chilon
F. S. Church	Church
Cic.	Cicéron
Cic’ero	Cicéron
Cicero	Cicéron
Cicéron	Cicéron
Cicerone	Cicéron
De Clarac	Clarac
Clarke, J. F.	Clarke
J. Freeman Clarke’s	Clarke
Claudiano	Claudien
Claudio Claudiano	Claudien
Cleasby	Richard
Cleasby’s	Richard
Clément d'Alexandrie 	Clément d'Alexandrie
Clément	Clément
Cléobule	Cléobule
Cleomene	Cléomène
Cleomenes	Cléomène
Cliffton	Cliffton
Edw. Clodd	Clodd
A. H. Clough	Clough
Clough	Clough
Clough, A. H.	Clough
Cochin	Cochin
Coleridge	Coleridge H.
Coleridge, Hartley	Coleridge H.
H. Coleridge	Coleridge H.
Hartley Coleridge	Coleridge H.
Coleridge, S. T.	Coleridge S. T.
Hon. John Collier	Collier
Colin d’Harleville	Colin d’Harleville
Collins, Mortimer	Collins M.
Mortimer Collins	Collins M.
Collins	Collins W.
Collins, William	Collins W.
Collins’	Collins W.
Collins, W. L.	Collins W.
W. L. Collins’	Collins W.
Colluto Licopolitano	Collouthos
Coluthus	Collouthos
Colman	Colman
Colvin, S.	Colvin
S. Colvin	Colvin
Conington	Conington
Conington, J.	Conington
Conington’s	Conington
John Conington	Conington
Cooke’s	Cooke
Thomas Cooke	Cooke
Corinne	Corinne
Corneille	Corneille
Th. Corneille	Corneille Th.
Van Haarlem, Cornelis	Cornelis
B. W. Procter	Cornwall
Barry Cornwall	Cornwall
Cornwall	Cornwall
Procter, Bryan Waller	Cornwall
Correggio	Correggio
Correggio, A. A.	Correggio
Correggio’s	Correggio
Cortes	Cortés
Cosquin	Cosquin
Cottle, A. S.	Cottle
Dr. Cotton	Cotton
Cournand	Cournand
Court de Gebelin	Court de Gébelin
Cowley	Cowley
Cowper	Cowper
Cowper, Wm.	Cowper
Cowper’s	Cowper
Cox	Cox G. W.
Cox, the Rev. Sir G. W.	Cox G. W.
Cox’s	Cox G. W.
G. W. Cox’s	Cox G. W.
Rev. Sir G. W. Cox	Cox G. W.
Crabbe	Crabbe
Crabbe, George	Crabbe
George Crabbe	Crabbe
Crane, O.	Crane
Oliver Crane	Crane
James Cranstoun	Cranstoun
Creech	Creech
Cresila	Crésilas
Creuzer	Creuzer G. F.
Creuzer, Prof.	Creuzer G. F.
Croxall	Croxall
Croxall’s	Croxall
Ctésiphon	Ctésiphon
Cubières	Cubières
Curtin, Jeremiah.	Curtin
Curtin’s	Curtin
A. de Curzon	Curzon
Curzon, A. de	Curzon
Saint Cyprien	Saint Cyprien
Da Ponte	Da Ponte
Mme Dacier	Mme Dacier
Van Dale	Dale
Dale, Thos.	Dale
Thos. Dale’s	Dale
Danchet	Danchet
Daniel, Samuel	Daniel
S. Daniel	Daniel
Dannecker	Dannecker
Dannecker, J. H. von	Dannecker
Dante	Dante
Dante, Alighieri	Dante
Dante:	Dante
Dante’s	Dante
Darwin	Darwin E.
Darwin, Erasmus	Darwin E.
Darwin’s	Darwin E.
Dasent, Sir G. W.	Dasent
Dasent’s	Dasent
David	David
David, J. L.	David
Banks, J.	Davies
Aubrey de Vere	De Vere
de Vere, Aubrey Thomas	De Vere
Dekker	Dekker
Dekker, Thos.	Dekker
Delavigne	Delavigne
Delille	Delille
Démocrite	Démocrite
Démosthène	Démosthène
Demoustier	Demoustier
Sir John Denman	Denham
Dionigi d’ Alicarnasso	Denys D'Halicarnasse
Derby, the Earl of	Derby
Earl Derby’s	Derby
Earl of Derby	Derby
Deshoulières	Deshoulières
Desmarets	Desmarets
R. von Deutsch	Deutsch
Bacis	Bacis
Diagoras	Diagoras
Dicéarque	Dicéarque
Diodoro	Diodore de Sicile
Diodorus	Diodore de Sicile
Diodorus Siculus	Diodore de Sicile
Diodore	Diodore de Sicile
Dion Cassius	Dion Cassius
Dippold, G. T.	Dippold
George T. Dippold’s	Dippold
Dixon, R. W.	Dixon
R. W. Dixon	Dixon
Sydney Dobell’s	Dobell
A. Dobson	Dobson
Austin Dobson	Dobson
Austin Dobson’s	Dobson
Dobson	Dobson
Dobson, Austin	Dobson
Dobson’s	Dobson
Doigni	Doigni
Domergue	Domergue
Domenichino	Domenichino
Domenichino, Z.	Domenichino
Domenichino’s	Domenichino
Dorat	Dorat
Dosso Dossi (Giovanni di Lutero)	Dossi
Dowden, E.	Dowden
E  Dowden	Dowden
E. Dowden	Dowden
Doyle, Sir Francis Hastings	Doyle
Sir F. H. Doyle	Doyle
Herbert Draper	Draper
Drayton	Drayton
Drayton, Michael	Drayton
Drioux	Drioux
Drobecq	Drobecq
Drummond	Drummond
Drummond of Hawthornden	Drummond
Drummond, Wm., of Hawthornden	Drummond
Dryden	Dryden J.
Dryden, J.	Dryden J.
Dryden’s	Dryden J.
Mademoiselle du Puget	Mademoiselle du Puget
Rochefort	Rochefort
Fontanelles	Fontanelles
Ducis	Ducis
Dugas-Montbel	Dugas-Montbel
Dumas	Ph. Dumas
Duruy’s	Duruy
Dyer	Dyer
Dyer, John	Dyer
Édom	Édom
Edwards, Miss A. B.	Edwards A. B.
Miss A. B. Edwards’	Edwards A. B.
E. Magnússon	Eiríkur Magnússon
Eirikr Magnusson	Eiríkur Magnússon
Eirikr Magnússon	Eiríkur Magnússon
Magnusson, Eirikr	Eiríkur Magnússon
Magnusson’s	Eiríkur Magnússon
Elien	Élien
Eliot, George	Eliot G.
George Eliot’s	Eliot G.
Ellis, Robinson	Ellis
Robinson Ellis	Ellis
Elphinston	Elphinston
Elton	Elton
Elton’s	Elton
Emerson	Emerson
Emerson, R. W.	Emerson
Empedocle	Empédocle
Ennio	Ennius
Ennius	Ennius
Épicure	Épicure
Epiménide	Epiménide
Ep-imen’i-des	Epiménide
Épiménide	Epiménide
Æs?chylus	Eschyle
Æsch.	Eschyle
Æschyl.	Eschyle
Æschylus	Eschyle
Æschylus’	Eschyle
Eschilo	Eschyle
Eschyle	Eschyle
Æ?sop	Ésope
Æsop	Ésope
Eugammone da Cirene	Eugammon
Eurip.	Euripide
Eurip’i-des	Euripide
Euripide	Euripide
euripidea	Euripide
Euripides	Euripide
Euripides’	Euripide
Eusden	Eusden
Eusden’s	Eusden
Eusèbe	Eusèbe
Eusebio	Eusèbe
Eutichide di Sicione	Eutychidès
Euante	Évanthe
EU-HEM’ER-US	Évhémère
Euemero	Évhémère
Euhem’erus	Évhémère
Euhemerus	Évhémère
Euhemerus’	Évhémère
Faber’s	Faber
Fallet	Fallet
Fawcett, Edgar	Fawcett
Fawkes	Fawkes
Fawkes, Francis	Fawkes
Fawkes’	Fawkes
Fayolle	Fayolle
Fénelon	Fénelon
Fénelon, Francis de la Mothe	Fénelon
Fenton	Fenton
Ferlus	Ferlus
Feutri	Feutri
Fields, A.	Fiels
Mrs. A. Fields	Fiels
Timanthe	Timanthe
Fiske, John	Fiske
Fiske’s	Fiske
John Fiske	Fiske
E. Fitzgerald	Fitzgerald E.
Fitzgerald, M. P.	Fitzgerald M. P.
M. P. Fitzgerald	Fitzgerald M. P.
Josephus	Flavius Josèphe
Flaxman	Flaxman
Flaxman, John	Flaxman
Flaxman’s	Flaxman
Fletcher	Fletcher
Fletcher, John	Fletcher
John Fletcher	Fletcher
Florian	Florian
Fontanes	Fontanes
De Fontenelle	Fontenelle
Fontenelle	Fontenelle
F. Forster	Forster F.
A. G. Foster-Barham	Foster-Barham
Foster-Barham, A. G.	Foster-Barham
Fourmont	Fourmont
Fraccaroli	Fraccaroli
Franceschini (M. A.)	Franceschini
Francis	Francis
Francklin	Francklin
Francklin, Thomas	Francklin
Francklin’s	Francklin
François de Neufchâteau	François de Neufchâteau
Frere	Frere
Frere, J. Hookham	Frere
Frere’s	Frere
J. H. Frere	Frere
J. H. Frere’s	Frere
Frothingham	Frothingham E.
N. L. Frothingham	Frothingham N. L.
Fuller, S. Margaret	Fuller
S. Margaret Fuller	Fuller
Furtwängler	Furtwängler
Fuzelier	Fuzelier
Gallus	Gallus
Garnett, Richard	Garnett
Richard Garnett	Garnett
Tisio, Benvenuto	Tisio
Garrick	Garrick
Garrick, David	Garrick
Garth	Garth
Sir Samuel Garth	Garth
Gay	Gay
Gay, John	Gay
John Gay	Gay
C. M. Gayley	Gayley
Charles Mills Gayley	Gayley
Gayley, C. M.	Gayley
Gédoin	Gédoin
Gentile	Gentile
François Gerard’s	Gérard
Gérard, Francois	Gérard
Gerhard	Gerhard
Gerlach	Gerlach
Géruzez, Eugène	Géruzez
Bologna, Giovanni da	Giambologna
Giov. di Bologna	Giambologna
Giovanni di Bologna	Giambologna
Gilbert	Gilbert
Giordano, Luca	Giordano L.
Giorgione	Giorgione
Girodet	Girodet
Gladstone	Gladstone
Gladstone, W. E.	Gladstone
Gladstone’s	Gladstone
Mr. Gladstone	Gladstone
W. E. Gladstone	Gladstone
C. G. Gleyre’s	Gleyre
C. Gleyre’s	Gleyre
Gleyre, Charles G.	Gleyre
Glover	Glover
Glover’s	Glover
Glicone Ateniese	Glycon d'Athènes
Goethe	Goethe
Goethe, J. W. von	Goethe
Goethe’s	Goethe
Goldsmith	Goldsmith
Goldsmith, Oliver	Goldsmith
E. W. Gosse	Gosse
Edmund Gosse	Gosse
Edmund Gosse’s	Gosse
Gosse	Gosse
Gosse, E. W.	Gosse
Gosse’s	Gosse
Gray	Gray D.
Gray’s	Gray D.
Gray, Thos.	Gray Th.
Greene	Greene
Greene, Robert	Greene
Greenough	Greenough
Dora Greenwell	Greenwell
Dora Greenwell’s	Greenwell
Greenwell, Dora	Greenwell
Gresset	Gresset
Grimm	Grimm
Grimm, Jakob Ludwig	Grimm
Grimm’s	Grimm
Jacob Grimm	Grimm
The Grimm brothers	Grimm
Wilhelm Karl	Grimm
Vigfusson, G.	Guđbrandur
Vigfusson	Guđbrandur
Vigfusson’s	Guđbrandur
Guercino	Guercino
Guercino, Francesco	Guercino
Guercino’s	Guercino
Guérin du Rocher	Guérin du Rocher
Guérin, Pierre Narcisse	Guérin
P. Guérin	Guérin
P. Guérin’s	Guérin
Deguerle	Deguerle
Guhl	Guhl
Guigniaut	Guigniaut
E. C. Guild’s	Guild
Latouche	Latouche
Guyétand	Guyétand
Hahn, Werner	Hahn
Werner Hahn	Hahn
Werner Hahn’s	Hahn
Hake, Thos. Gordon	Hake
Thomas Gordon Hake	Hake
Thos. Gordon Hake	Hake
Edward Everett Hale	Hale
Arthur Henry Hallam	Hallam
Hallam, Arthur Henry	Hallam
Gertrude Demain Hammond	Hammond
Hamon, J. L.	Hamon
J. L. Hamon	Hamon
Haug	Haug
Haug, M.	Haug
Hawthorne, Nathaniel	Hawthorne
Hawthorne’s	Hawthorne
Guy Head	Head
Head, Guy	Head
Helbig	Helbig
Hemans	Hemans
Hemans, Felicia D.	Hemans
Mrs. Hemans	Hemans
Eraclite Pontico	Héraclite
Herbert	Herbert
Herbert’s	Herbert
Hermes, surnamed Trismegistus	Hermès Trismégiste
Trismegistus	Hermès Trismégiste
Hermès Trismégiste 	Hermès Trismégiste
Hermite de Maillane	Hermite de Maillane
Erodoto	Hérodote
Herod’otus	Hérodote
Hérodote	Hérodote
Herodotus	Hérodote
Herrick	Herrick
Herrick, R.	Herrick
Hervey, Thomas Kibble	Hervey
T. K. Hervey	Hervey
T. K. Hervey’s	Hervey
Esiodo	Hésiode
He?siod	Hésiode
Hes.	Hésiode
Hesiod	Hésiode
Hésiode	Hésiode
Hippocrate	Hippocrate
Hirt	Hirt
Hirt. A.	Hirt
Occleve	Hoccleve
Occleve, Thomas	Hoccleve
Hoffmann, J.	Hoffmann J.
J. Hoffmann	Hoffmann J.
Philemon Holland	Holland
Holmes	Holmes
Holmes, O. W.	Holmes
O. W. Holmes	Holmes
Ho’mer	Homère
Homer	Homère
Homer’s	Homère
Homère	Homère
Homeri	Homère
Homeric	Homère
Omerica	Homère
omerico	Homère
Omero	Homère
Hood	Hood
Hood, Thomas	Hood
Tom Hood	Hood
Horace	Horace
Oraz.	Horace
Oraziano	Horace
Orazio	Horace
Horne, Richard Henry (Hengist)	Horne
R. H. Horne	Horne
E. Hübner	Hübner
Hübner, E.	Hübner
Huet	Huet
John Hughes	Hughes
Humbert de Genève	Humbert de Genève
H. H.	Hunt J. H.
H. H. (Helen Hunt Jackson)	Hunt J. H.
Jackson, Helen Hunt	Hunt J. H.
Mrs. H. H. Jackson	Hunt J. H.
Hunt	Hunt L.
Hunt, Leigh	Hunt L.
Hunt’s	Hunt L.
Leigh Hunt	Hunt L.
Hy-gi’nus	Hygin
Hygin	Hygin
Hygin.	Hygin
Hyginus	Hygin
Ib?ycus	Ibycos
Ibico	Ibycos
Ibico di Reggio	Ibycos
Ibycus	Ibycos
Dans le texte	Clé
J. Ilberg	Ilberg
Imbert	Imbert
Ingelow	Ingelow
Ingelow, Jean	Ingelow
Jean Ingelow	Ingelow
Inghirami	Inghirami
Ingres, J. D. A.	Ingres
J. D. A. Ingres	Ingres
Iriarte, Tomas de	Iriarte
Tomas de Iriarte	Iriarte
Livani	Livani
O. Jahn’s	Otto J.
Mr. Jasper	Jasper J.
Sophie de Jaucourt	Sophie de Jaucourt
Jean de las Sanctas	Jean de las Sanctas
Jebb	Jebb
Jebb, R. C.	Jebb
R. C. Jebb’s	Jebb
Christ	Jésus-Christ
F. B. Jevons’	Jevons
Dr. Johnson	Johnson S.
Johnson, Samuel	Johnson S.
Johnson’s	Johnson S.
A. Keith Johnston’s	Johnston A. K.
Johnston, T. C.	Johnston T. C.
T. C. Johnston’s	Johnston T. C.
William Preston Johnston	Johnston W. P.
Ben Jonson	Jonson B.
Ben Jonson’s	Jonson B.
Jonson	Jonson B.
Jonson, B.	Jonson B.
Johnsson, Arngrim	Jonsson
Jordaens, Jaques	Jordaens
Dr. W. Jordan’s	Jordan W.
Jordan, W.	Jordan W.
Jordanes	Jordanes
Jossaud	Jossaud
Jotham	Jotham
Justin	Justin
Juvénal	Juvénal
Kalidaça	Kālidāsa
Kaulbach, W.	Kaulbach
William Kaulbach	Kaulbach
Keary’s	Keary
Keats	Keats
Keats, John	Keats
Keats’	Keats
Keats’s	Keats
Keightley’s	Keightley Th.
Keil’s	Keil
F. Keller	Keller
Keller, F.	Keller
Kelsey’s	Kelsey
Kiepert’s	Kiepert
H. King	King H.
H. King’s	King H.
King, H.	King H.
William King	King W.
Charles Kingsley	Kingsley
Charles Kingsley’s	Kingsley
Kingsley	Kingsley
Kingsley, Charles	Kingsley
Kingsley’s	Kingsley
Knight, Payne	Knight
Payne Knight’s	Knight
Koner	Koner
Kray, W.	Kray
W. Kray’s	Kray
Kürenberg, von	Kürenberg
Von Kürenberg	Kürenberg
Kyd	Kyd
Kyd, Thos.	Kyd
Thos. Kyd	Kyd
D. L. C.	La Chapelle
La Fontaine	La Fontaine
La Fontaine, Jean de	La Fontaine
La Fosse	La Fosse
La Grange-Chancel	La Grange-Chancel
La Harpe	La Harpe
Lamotte	La Motte
La Motte	La Motte
De la Noue	De la Noue
La Rochefoucault	La Rochefoucauld
K. K. Lachmann	Lachmann
Lachmann	Lachmann
Lachmann, K. K.	Lachmann
Lactantius	Lactance
Landon	Landon
Landor	Landor
Landor, W. S.	Landor
Landor’s	Landor
W. S. Landor	Landor
W. S. Landor’s	Landor
A. Lang	Lang
A. Lang’s	Lang
Andrew Lang	Lang
Andrew Lang’s	Lang
Lang	Lang
Lang, Andrew	Lang
Lang’s	Lang
Mr. Andrew Lang	Lang
Mr. Lang	Lang
Augusta Larned’s	Larned
Larned, Augusta	Larned
Lathrop, G. P.	Lathrop
Laugier, ci-devant Gaudin	Laugier
Julie Laurencin	Leurencin
De Laurès	De Laurès
W. C. Lawton	Lawton
Emma Lazarus	Lazarus
Lazarus, Emma	Lazarus
Leblanc de Guillet	Leblanc de Guillet
Desmortier	Desmortier
P. D. E. Lebrun	Le Brun
Lebrun	Le Brun
Le Franc de Pompignan	Lefranc
Lefranc	Lefranc
Pompignan	Lefranc
Le Mierre	La Mierre
Lemière	Le Mierre
Leaf	Leaf
Leaf’s	Leaf
Buffon	Buffon
Jules Lefebvre’s	Lefebvre
Lefebvre, Jules	Lefebvre
Légier	Légier
Legouvé	Legouvé
Leighton, Sir Frederick	Leighton
Lord Leighton	Leighton
Sir Frederick Leighton	Leighton
Sir Frederick Leighton’s	Leighton
C. G. Leland’s	Leland
Mazurier	Mazurier
Le Mercier	Le Mercier
Le Monnier	Le Monnier
Lemonnier	Le Monnier
Lempriere	Lemprière
Leocare	Léocharès
Léocharès	Léocharès
da Vinci, Leonardo	Leonardo
Leonardo da Vinci	Leonardo
Léonard	Léonard
Le Prieur	Le Prieur
Lesche	Leschès
Lesche da Lesbo	Leschès
Lessing	Lessing
Lessing, Gotthold E.	Lessing
Lessing’s	Lessing
Lettsom, W. N.	Lettsom
W. N. Lettsom	Lettsom
F. Lewis	Lewis
Lewis’	Lewis
Libon	Libon
Linton, William James	Linton
Livio Andronico	Livius Andronicus
Lloyd	Lloyd
Chr. A. Lobeck	Lobeck
Lobeck, Chr. A.	Lobeck
Lobeck’s	Lobeck
Thomas Lodge’s	Lodge
Longepierre	Longepierre
Longfellow	Longfellow
Longfellow, H. W.	Longfellow
Longfellow’s	Longfellow
Longin	Longin
Longo	Longus
Claude Lorrain	Lorrain
Claude Lorrain’s	Lorrain
Lorrain, Claude Gelée, le	Lorrain
J. R. Lowell	Lowell
Lowell	Lowell
Lowell, J. R.	Lowell
Lowell’s	Lowell
Lucan	Lucain
Lucan’s	Lucain
Lucain	Lucain
Luce	Luce
Lu’cian	Lucien
Lucian	Lucien
Lucian’s	Lucien
Lucien	Lucien
Lucr.	Lucrèce
Lucretius	Lucrèce
Lucrezio	Lucrèce
Lucrèce	Lucrèce
Ludlow, J. M.	Ludlow
Ludlow’s	Ludlow
Lüning’s	Lüning
C. F. A. Von Lützow	Lützow
Lycophron	Lycophron
John Lyly	Lyly
John Lyly’s	Lyly
Lyly	Lyly
Lyly, John	Lyly
Lyly’s	Lyly
Lisippo	Lysippe
Lysippe	Lysippe
Sir Thomas Lyttleton	Lyttleton
Lord Lytton	Lytton
Lord Lytton’s	Lytton
Lytton	Lytton
Lytton, Edward G. E. L. Bulwer, Lord	Lytton
Lytton’s	Lytton
Meredith, Owen	Lytton
Owen Meredith	Lytton
H. W. Mabie’s	Mabie
Mabie, H. W.	Mabie
Macaulay	Macaulay
Macaulay, T. B.	Macaulay
Macaulay’s	Macaulay
F. Richardson	MacDonald
Richardson, F.	MacDonald
Macpherson	Macpherson
Macrob.	Macrobe
Macrobio	Macrobe
Macrobius	Macrobe
Maffei	Maffei
Magnus Olafsson	Magnús
Olafsson, Magnus	Magnús
Mahomet	Mahomet
Malfilatre	Malfilatre
Malherbe	Malherbe
Mallet-du-Pan	Mallet-du-Pan
Mallet	Mallet
L’abbé Mangenot	Mangenot
Manil’ius	Manilius
Manilio	Manilius
Manilius	Manilius
Mannhardt	Mannhardt
Mannhardt, W.	Mannhardt
Marbach	Marbach
Marc-Aurèle	Marc-Aurèle
C. F. Marchal	Marchal
Marchal, C. F.	Marchal
Maréchal	Maréchal
Marlowe	Marlowe
Marlowe, Christopher	Marlowe
Marlowe’s	Marlowe
Marston	Marston
Marston, J.	Marston
Martin, Sir Theodore	Martin
Sir T. Martin’s	Martin
Sir Theodore Martin	Martin
Sir Theodore Martin’s	Martin
Theodore Martin	Martin
Theodore Martin’s	Martin
Martinez de la Rosa	Martínez de la Rosa
Marvell	Marvell
Marvell, Andrew	Marvell
A very ancient traveller in India	Maurice
Maurice’s	Maurice
Maximus Tyrius	Maxime de Tyr
G. Mazzoni	Mazzoni
Melanippides	Mélanippide de Mélos
Meleager	Méléagre
Ménandre	Ménandre
Menelao	Menelaus
Me-ne’nius	Menenius Lanatus
Menenius	Menenius Lanatus
Mengs, Anton Rafael	Mengs
Raphael Mengs	Mengs
Raphael Mengs’	Mengs
Menon	Ménon
G. Meredith	Meredith
Meredith, G.	Meredith
Merivale	Merivale
Merivale, J. H.	Merivale
Mesomede	Mesomedes
Meurzio	Meursius
Angelo, Michael	Michelangelo
M. Angelo	Michelangelo
Michael Angelo	Michelangelo
Michael Angelo’s	Michelangelo
Michelangelo	Michelangelo
Mickle, William Julius	Mickle
Mickle’s	Mickle
Van Mieris, Willem	Mieris
Mignard	Mignard
J. E. Millais	Millais
Millais, John Everett	Millais
J. F. Millet	Millet
Millet, Jean François	Millet
Millin	Millin
Millin, A. L.	Millin
Millin’s	Millin
H. H. Milman	Milman
Milman	Milman
Milman, Henry Hart	Milman
Milman’s	Milman
John Milton	Milton
Milton	Milton
Milton, John	Milton
Milton’s	Milton
Minucius Félix	Minucius Félix
E. Mogk	Mogk
Mogk, E.	Mogk
Moses	Moïse
Molinari, Antonio	Molinari
Mondot	Mondot
Monier Williams	Monier
Williams, Sir M. Monier	Monier
Montaigne	Montaigne
Montéclair	Montéclair
Monti	Monti
Giov. Angelo Montorsoli	Montorsoli
Auber Forestier	Moore A. W.
Forestier, Auber	Moore A. W.
Moore	Moore Th.
Moore, Thomas	Moore Th.
Moore’s	Moore Th.
T. Moore	Moore Th.
Thomas Moore	Moore Th.
Thomas Moore’s	Moore Th.
Thos. Moore’s	Moore Th.
Moreau	Moreau
E. Morel	Morel E.
H. Morel	Morel H.
Morley, H.	Morley
Morley’s	Morley
L. Morris	Morris L.
Lewis Morris	Morris L.
Lewis Morris’	Morris L.
Morris	Morris L.
Morris, Lewis	Morris L.
Morris, Sir Lewis	Morris L.
Sir Lewis Morris	Morris L.
Morris, William	Morris W.
W. Morris	Morris W.
William Morris	Morris W.
William Morris’	Morris W.
Wm. Morris	Morris W.
Wm. Morris’	Morris W.
E. A. Morshead	Morshead
E. D. A. Morshead’s	Morshead
Morshead, E. D. A.	Morshead
Mos’chus	Moschos
Moschus	Moschos
Mosco	Moschos
Motherwell, W	Motherwell
Motherwell’s	Motherwell
Muir, J.	Muir
Muir’s	Muir
Max Müller	Müller F. M.
Max Müller’s	Müller F. M.
Müller	Müller F. M.
Müller, F. Max	Müller F. M.
Müller’s	Müller F. M.
Professor Müller	Müller F. M.
H. D. Müller	Müller H. D.
Müller, H. D.	Müller H. D.
Müller, C. O.	Müller K. O.
O. Müller	Müller K. O.
Murray	Murray
Murray, A. S.	Murray
Murray’s	Murray
Musæus of Alexandria	Musée
Pseu’do-Musæ’us	Musée
Mu-sæ’us	Musée d'Athènes
Musæus	Musée d'Athènes
Mutel	Mutel
Ernest Myers	Myers
Myers	Myers
Myers, E.	Myers
Myers’	Myers
Myers’s	Myers
C. H. Myller	Myller
Myller, C. H.	Myller
Myro de Corinthe	Myro de Corinthe
Myro, cit. de Corinthe	Myro de Corinthe
Mirone	Myron
My’ron	Myron
Myron	Myron
Nevio	Naevius
Lord Neaves	Neaves
Neaves, Charles, Lord	Neaves
E. Neide	Neide
Neide, E.	Neide
Sir Isaac Newton	Newton
Newton	Newton
Nicander	Nicandre
Hon. Roden Noel	Noel R.
Hon. Roden Noel’s	Noel R.
Noel, Hon. Roden	Noel R.
Roden Noel	Noel R.
M. Nonnenbruch	Nonnenbruch
Nonno	Nonnos de Panopolis
Nonno di Panopoli	Nonnos de Panopolis
Nonnus	Nonnos de Panopolis
Ogilby	Ogilby
Olympiodorus	Olympiodore
Onomacritus	Onomacrite
Onomacrite	Onomacrite
Orfeo	Orphée
Orpheus	Orphée
Ossian	Ossian
Overbeck	Overbeck
Overbeck, J.	Overbeck
Ov’id	Ovide
Ovid	Ovide
Ovid.	Ovide
Ovid’s	Ovide
Ovide	Ovide
Ovidiane	Ovide
Ovidiani	Ovide
ovidiano	Ovide
Ovidio	Ovide
Pacuvio	Pacuvius
Peonio di Mende	Paionios de Mendè
F. A. Paley	Paley
Paley, F. A.	Paley
F. T. Palgrave	Palgrave
Palgrave, F. T.	Palgrave
Pallissot	Pallissot
G. H. Palmer	Palmer
Palmer, G. H.	Palmer
Paniasi d’ Alicarnasso	Paniasis
Panis	Panis
Papia di Afrodisia	Papias
G. Papperitz	Papperitz
Pâris	Pâris
Parmenide	Parménide
Parmegianino	Parmigianino
Parnell, Thomas	Parnell
T. Parnell	Parnell
Thos. Parnell	Parnell
Parni	Parni
Parthenius	Parthénios
Pater, Walter H.	Pater
W. H. Pater	Pater
W. H. Pater’s	Pater
Walter Pater’s	Pater
Coventry Patmore	Patmore
Patmore, Coventry	Patmore
Paul	St. Paul
St. Paul’s	St. Paul
Paul, fils	Paul, fils
Hermann Paul	Paul H.
Paul, Hermann	Paul H.
Paul’s	Paul H.
E. J. Paupion’s	Paupion
Paupion, E. J.	Paupion
Paus.	Pausanias
Pausa’nias	Pausanias
Pausan.	Pausanias
Pausania	Pausanias
Pausanias	Pausanias
Peacock, Thomas Love	Peacock
Thomas Love Peacock	Peacock
George Peele	Peele
Peele, George	Peele
Percival	Percival
Périandre	Périandre
Perrault	Perrault
Perseus	Perse
Pesselier	Pesselier
Petit	Petit
Pétrone	Pétrone
Pfeiffer	Pfeiffer
Pfeiffer’s	Pfeiffer
Fanocle di Alessandria	Phanoclès
Phæ’drus	Phèdre
Phædrus	Phèdre
Fidia	Phidias
Phid’ias	Phidias
Phidias	Phidias
La Madelaine	La Madelaine
Philips	Philips
Philips, Ambrose	Philips
John Phillips	Philips
Phocion	Phocion
Fradmone	Phradmon
Frinico	Phrynicos
B. Picart	Picart
Enéas Sylvius	Enea Silvio
Pike	Pike
Pin’dar	Pindare
Pindar	Pindare
Pindaro	Pindare
Pindare	Pindare
Pisandro di Rodi	Pisandre
Pisone	Piso Frugi
C. Pitt’s	Pitt
Pitt	Pitt
Pitt’s	Pitt
Pittacus	Pittacos
Pixis, Th.	Pixis
Th. Pixis	Pixis
Plato	Platon
Platone	Platon
Platon	Platon
Plauto	Plaute
Plaute	Plaute
Plinio	Pline l'Ancien
Pliny	Pline l'Ancien
Pliny the naturalist	Pline l'Ancien
Pline	Pline l'Ancien
E. H. Plumptre	Plumptre
Plumptre	Plumptre
Plumptre, E. H.	Plumptre
Plumptre’s	Plumptre
Plutarch	Plutarque
Plutarch’s	Plutarque
Plutarco	Plutarque
Plutarque	Plutarque
Sivry	Sivry
Lachabeaussière	Lachabeaussière
Policleto	Polyclète
Policleto di Sicione	Polyclète
Polycli’tus	Polyclète
Polyclitus	Polyclète
Polyclitus the Elder	Polyclète
Polidoro	Polydore de Rhodes
Polydore	Polydore de Rhodes
Polignoto	Polygnote
Polignote	Polygnote
Pomponius Mela	Pomponius Mela
Pons, de Verdun	Pons de Verdun
Pope	Pope
Pope, Alex.	Pope
Pope, Alexander	Pope
Pope’s	Pope
Porson	Porson
Potter	Potter
Potter, R.	Potter
Potter’s	Potter
Poussin, Nicholas	Poussin
F. Y. Powell	Powell F. Y.
Powell	Powell F. Y.
Powell’s	Powell F. Y.
J. W. Powell	Powell J. W.
J. W. Powell’s	Powell J. W.
E. J. Poynter	Poynter
Poynter	Poynter
Poynter, E. J.	Poynter
Sir E. J. Poynter	Poynter
Praed, Winthrop Mackworth	Praed
W. M. Praed	Praed
Prasitele	Praxitèle
Prassitele	Praxitèle
Praxit’e-les	Praxitèle
Praxitèle	Praxitèle
Praxiteles	Praxitèle
L. Preller	Preller
Preller	Preller
Preller, L.	Preller
Preller’s	Preller
Prélong	Prélong
Margaret J. Preston	Preston
Preston, Margaret J.	Preston
Dr. Prichard	Prichard
Prior	Prior
Prior, Matthew	Prior
Proclus	Proclus
Prod’icus of Chios	Prodicos de Ceos
Prodico	Prodicos de Ceos
Proper’tius	Properce
Propertius	Properce
Properzio	Properce
Properce	Properce
Pujet	Pujet
Py-thag’oras	Pythagore
Pythagoras	Pythagore
Pythagore	Pythagore
Quinault	Quinault
Quinte-Curce	Quinte-Curce
Quintus Curtius	Quinte-Curce
Quintilien	Quintilien
Quinto Smirneo	Quintus de Smyrne
Quintus Smyrnæus	Quintus de Smyrne
Racine	Racine
J. Racine	Racine
L. Racine	Racine L.
Henrietta Rae	Rae
Raleigh, Sir Walter	Raleigh
Sir Walter Raleigh	Raleigh
Randolph	Randolph
Randolph, Thomas	Randolph
Raffaello	Raffaello
Raphael	Raffaello
Raphael’s	Raffaello
Rapisardi	Rapisardi
Rapp	Rapp
Protap Chundra Roy	Rāya
Roy, Protap Chundra	Rāya
Read, T. B.	Read
T. B. Read	Read
E. A. Reed’s	Reed
Reed, E. A.	Reed
Dr. Rees	Rees
J. B. Regnault	Regnault
Regnault, J. B.	Regnault
Rembrandt	Rembrandt
Guido Reni	Reni
Guido Reni’s	Reni
Reni, Guido	Reni
Renneville	Renneville
Reynolds	Reynolds
Riano di Creta	Rhianus de Crète
Professor Rhys	Rhys
Rhys, John	Rhys
L. J. Richardson	Richardson L. J.
Richardson, L. J.	Richardson L. J.
Rigord	Rigord
Rigutini	Rigutini
Riley	Riley
W. H. Rinehart	Rinehart
Briton Rivière	Rivière
Rivière, Briton	Rivière
A. Mary F. Robinson	Robinson
Robinson, A. Mary F.	Robinson
Randolph Rogers	Rogers R.
Rogers, Randolph	Rogers R.
Rogers, Samuel	Rogers S.
S. Rogers	Rogers S.
Rollin	Rollin
Giulio Romano	Romano G.
Romano, Giulio Pippi	Romano G.
Roman	Roman
Roscher	Roscher
Roscher, W. H.	Roscher
Roscher’s	Roscher
Lord Roscommon	Roscommon
Rosini	Rosinus
R. S. Ross	Ross
Ross, R. S.	Ross
D. G. Rossetti	Rossetti
D. G. Rossetti’s	Rossetti
Dante Gabriel Rossetti	Rossetti
Rossetti	Rossetti
Rossetti, D. G.	Rossetti
Rossetti’s	Rossetti
Tresséol	Tresséol
Roucher	Roucher
J.-B. Rousseau	Rousseau J.-B.
Rousseau	Rousseau J.-B.
H. Roux Aîné	Roux
Rowe’s	Rowe
Roy	Roy
Rubens	Rubens
Rubens, Peter Paul	Rubens
Mr. Ruskin	Ruskin
Ruskin	Ruskin
Ruskin, J.	Ruskin
Ruskin’s	Ruskin
Sabatier	Sabatier
Earl of Dorset	Sackville
Sæmond, surnamed the Learned	Saemund
Sæmund the Wise	Saemund
Sigfuson	Seamund
Saint-Ange	Saint-Ange
Saint-Lambert	Saint-Lambert
Sanchoniatho	Sanchoniathon
Sanchoniathon	Sanchoniathon
Geo. Sandys	Sandys
Sandys, George	Sandys
Sapio	Sapio
Saffo	Sappho
Sapho	Sappho
Sappho	Sappho
Sautereau	Sautereau
Savary	Savary
J. G. Saxe	Saxe
Saxe	Saxe
Saxe, J. G.	Saxe
Scaron	Scaron
Ary Scheffer’s	Scheffer
Scheffer, Ary	Scheffer
N. Schiavoni’s	Schiavoni
Schiavoni, N.	Schiavoni
Schiller	Schiller
Schiller, J. C. F., von	Schiller
Schiller’s	Schiller
Schirmer	Schirmer
Schliemann, H.	Schliemann
Schnorr von Carolsfeld, Julius	Schnorr
Schnorr von Carolsfeld’s	Schnorr
P. Schobelt’s	Schobelt
Schobelt, P.	Schobelt
De Schosne	De Schosne
Schultz	Schultz
Schützenberger	Schützenberger
Schützenberger, L. F.	Schützenberger
Sco?pas	Scopas
Scopa	Scopas
Scopas	Scopas
Scott	Scott
Scott, Sir Walter	Scott
Scott’s	Scott
W. B. Scott	Scott
Scott, William Bell	Scott
Mademoiselle Scudéri	Mademoiselle Scudéri
Bubalus	Bubalus
Seifert	Seifert
Seifert, A.	Seifert
Sélis	Sélis
Sen’eca	Sénèque
Seneca	Sénèque
Servius	Servius
Servius Honoratus	Servius
Shakespeare	Shakespeare
Shakespeare, William	Shakespeare
Shakespeare’s	Shakespeare
P. B. Shelley	Shelley
Shelley	Shelley
Shelley, P. B.	Shelley
Shelley’s	Shelley
Sibyl	Sibylle
Sichel	Sichel
Sichel, N.	Sichel
Sidney, Sir P.	Sidney
Sir Philip Sidney	Sidney
Silio Italico	Silius Italicus
E. R. Sill	Sill
E. R. Sill’s	Sill
Sill	Sill
Sill, E. R.	Sill
James Sime’s	Sime
Simon’i-des of Ceos	Simonide de Céos
Simonide	Simonide de Céos
Simonide di Ceo	Simonide de Céos
Simonide of Ceos	Simonide de Céos
Simonides	Simonide de Céos
Simonides of Ceos	Simonide de Céos
Simonides’	Simonide de Céos
Simrock	Simrock
Smart	Smart
Smart, Chr.	Smart
Smith’s	Smith
Snorri	Snorri
Snorri Sturlason	Snorri
Snorri’s	Snorri
Snorron	Snorri
Sturlason, Snorri	Snorri
Socrate	Socrate
Solimena, Francesco	Solimena
Solomon J. Solomon	Solomon
Solon	Solon
Somerville	Somerville
Sofocle	Sophocle
Soph’o-cles	Sophocle
Sophocles	Sophocle
Sophocles’	Sophocle
Sophocle	Sophocle
Sostrate	Sostrate
Southey	Southey
Southey, R.	Southey
Southey’s	Southey
Spenser	Spenser
Spenser, Edmund	Spenser
Spenser’s	Spenser
Mrs. St. John	St. John A. R.
St. John	St. John A. R.
Sta’tius	Stace
Stat.	Stace
Statius	Stace
Stazio	Stace
Stallybrass	Stallybrass
H. M. Stanley	Stanley
Stanyhurst	Stanyhurst
Stanyhurst, R.	Stanyhurst
Sir Robert Stapylton	Stapylton
Stapylton, Sir R.	Stapylton
autore delle Ciprie	Stasinos de Chypre
Stasino di Cipro	Stasinos de Chypre
E. C. Stedman	Stedman
E. C. Stedman’s	Stedman
Edmund Clarence Stedman	Stedman
Stedman, E. C.	Stedman
Stedman’s	Stedman
Stefano	Stephanus
George Stephens’	Stephens
Stephens, George	Stephens
Stesich?orus	Stésichore
Stesichorus	Stésichore
Stesicoro	Stésichore
R. H. Stoddard	Stoddard
Stoddard, R. H.	Stoddard
Story, W. W.	Story
W. W. Story	Story
Strabo	Strabon
Strabon	Strabon
Suetonius	Suétone
Svetonio	Suétone
Suida	Suidas
Surrey, Henry Howard, Earl of	Surrey
Surrey’s	Surrey
J. M. Swan	Swan
Anna Swanwick	Swanwick
Jonathan Swift	Swift
Swift	Swift
Swift, Jonathan	Swift
Swift’s	Swift
A. C. Swinburne	Swinburne
Swinburne	Swinburne
Swinburne, A. C.	Swinburne
Swinburne’s	Swinburne
Syme, James	Syme
Tacitus	Tacite
Tacite	Tacite
Sir Thos. Noon Talfourd’s	Talfourd
Talfourd, Sir Thomas Noon	Talfourd
le Tasse	Tasso
Bayard Taylor	Taylor
Bayard Taylor’s	Taylor
Taylor, Bayard	Taylor
Taylor’s	Taylor
Tennyson	Tennyson A.
Tennyson, Alfred, Lord	Tennyson A.
Tennyson’s	Tennyson A.
F. Tennyson	Tennyson F.
Frederick Tennyson	Tennyson F.
Tennyson, Frederick	Tennyson F.
Térence	Térence
Terpandro	Terpandre
E. Teschendorff	Teschendorff
Teschendorff	Teschendorff
Teschendorff’s	Teschendorff
Thalès	Thalès
Theag’e-nes of Rhegium	Théagène
Theagenes of Rhegium	Théagène
Teocrito	Théocrite
Theoc’ritus	Théocrite
Theocritus	Théocrite
Theocritus of Sicily	Théocrite
Teodette	Théodecte de Phasélis
Theognis	Théognis
Thierry	Thierry
Thomas	Thomas A. L.
Edith M. Thomas	Thomas E.
Thomas, Edith M.	Thomas E.
James Thomson	Thomson
Thomson	Thomson
Thomson, James	Thomson
Thomson’s	Thomson
Thompson	Thomson
Torfacus	Thormodus
Thorpe, B.	Thorpe
Thorpe’s	Thorpe
Thorwaldsen	Thorvaldsen
Thorwaldsen, Albert Bertel	Thorvaldsen
Thorwaldsen’s	Thorvaldsen
Thucyd’i-des	Thucydide
Thucydides	Thucydide
Paul Thumann	Thumann
Thumann, Paul	Thumann
Tibul’lus	Tibulle
Tibullo	Tibulle
Tibullus	Tibulle
Tibulle	Tibulle
Tickell	Tickell
Tickell, Thomas	Tickell
C. P. Tiele	Tiele
Tiele, Prof. C. P.	Tiele
Timone di Fliunte	Timon le Sillographe
Timothée	Timothéos d'Épidaure
Tintoretto	Tintoretto
Tintoretto, Giacomo	Tintoretto
Tintoretto’s	Tintoretto
Livio	Tite-Live
Titian	Tiziano
Titian’s	Tiziano
Metastasio	Metastasio
Tressan	Tressan
Trifiodoro	Tryphiodore
Turchi, Alessandro (l’Orbetto)	Turchi
Charles Tennyson Turner	Turner C. T.
Turner, Charles Tennyson	Turner C. T.
Turner	Turner J. M.
Turner, J. M. W.	Turner J. M.
Turner’s	Turner J. M.
E. B. Tylor	Tylor
Tylor, E. B.	Tylor
Tylor’s	Tylor
Tzetze	Tzetzès
Valère Maxime	Valère Maxime
Flaccus	Valerius Flaccus
Val. Flaccus	Valerius Flaccus
Vale’rius Flaccus	Valerius Flaccus
Valerio Flacco	Valerius Flaccus
Valerius Flaccus	Valerius Flaccus
Valérius Flaccus	Valerius Flaccus
Vâlmîki	Vālmīki
Valmiki	Vālmīki
J. Van Beers	Van Beers
Van Beers, J.	Van Beers
Vanderwerff, Adrian	Van der Werff
Van Dyck’s	Van Dyck
Varro	Varron
Varron	Varron
Varrone	Varron
Elihu Vedder	Vedder
Vedder	Vedder
Vedder, Elihu	Vedder
Velasquez	Velázquez
Velasquez, D. R. de Silva y	Velázquez
Venance	Venance
Verdier	Verdier
Verninac	Verninac
Paolo Veronese’s	Veronese
Paul Veronese	Veronese
Veronese’s	Veronese
J. M. Vien	Vien
Vien, J. M.	Vien
Vigée	Vigée
Villard	Villard
Villemain d’Abancour 	Villemain
Vilmar, A. F. C.	Vilmar
Vilmar’s	Vilmar
il gran poeta mantovano	Virgile
Ma?ro	Virgile
Ver’gil	Virgile
Verg.	Virgile
Vergil	Virgile
Vergil’s	Virgile
Virg.	Virgile
Virgil	Virgile
Virgil’s	Virgile
Virgile	Virgile
virgiliano	Virgile
Virgilio	Virgile
Voiture	Voiture
Voltaire	Voltaire
Voss	Vossius
Vyasa	Vyāsa
Viaça Mouni	Vyāsa
Wade, Thomas	Wade
Wagner, Richard	Wagner
Wagner’s	Wagner
Waller	Waller
Waller, Edmund	Waller
Waller’s	Waller
W. Ward’s	Ward
Ward, W.	Ward
Lord de Tabley	Warren
Lord de Tabley (Wm. Lancaster)	Warren
Tabley, Lord de	Warren
Warton	Warton
Warton, Joseph	Warton
Warton’s	Warton
Watteau	Watteau
Watteau, Antoine	Watteau
G. F. Watts	Watts
G. F. Watts’	Watts
Watts, G. F.	Watts
Weber, A. F.	Weber
Weber’s	Weber
Augusta Webster	Webster J. A.
Webster, Augusta	Webster J. A.
Webster	Webster N.
Welcker	Welcker
Welcker, F. G.	Welcker
Welcker’s	Welcker
E. W. West	West
West, E. W.	West
Dr. J. Wharton	Wharton
Voeser	Voeser
H. K. White	White
White, Henry Kirke	White
R. Whitelaw’s	Whitelaw
Whitelaw, R.	Whitelaw
Whitney’s	Whitney
J. A. Wiertz’s	Wiertz
Wiertz	Wiertz
Wiertz, A. J.	Wiertz
Oscar Wilde	Wilde
Wilde, Oscar	Wilde
Sir Gardner Wilkinson	Wilkinson J. G.
Wilkinson	Wilkinson W. C.
Wilkinson, Wm. Cleaver	Wilkinson W. C.
H. H. Wilson’s	Wilson
Wilson, H. H.	Wilson
F. W. Horn’s	Horn
Horn, F. W.	Horn
Horn’s	Horn
Wodhull	Wodhull
Wodhull, Michael	Wodhull
Wodhull’s	Wodhull
Thomas Woolner	Woolner
Thos. Woolner’s	Woolner
Woolner, Thomas	Woolner
Wordsworth	Wordsworth
Wordsworth, W.	Wordsworth
Wordsworth’s	Wordsworth
Worsley	Worsley
Sir Thomas Wyatt	Wyatt
Thos. Wyatt	Wyatt
Wyatt, Sir Thomas	Wyatt
Xenophon	Xénophon
Xénophon	Xénophon
Yalden	Yalden
Young	Young
Young, Edward	Young
Young’s	Young
Zeratusht	Zarathushtra
Zoroaster	Zarathushtra
Zeusi	Zeuxis
Zeux’is	Zeuxis
Zeuxis	Zeuxis
A. Zick	Zick
Zick, A.	Zick
Jonsson, Thorleif	Thorleifur Jónsson
Thorleif Jonsson	Thorleifur Jónsson
