Id	Label	birth	death	role	lang	
Accius	Accius, Lucius (0170-0086 av. J.-C.?)	-170	-86	littérature	latin	
Acland	Acland, Henry Wentworth Dyke (1815-1900)	1815	1900	érudition	anglais	
Adam	Adam, Lambert-Sigisbert (1700-1759)	1700	1759	beaux-arts	français	
Adams	Adams, William (18..-19..)	1850	1950	manuel	américain	
Addison	Addison, Joseph (1672-1719)	1672	1719	littérature	anglais	
Agésandre	Agésandre de Rhodes (00..-00..)	00..	00..	beaux-arts	dat. Laocoon	
Agias	Agias de Trézène (06..-06.. av. J.-C.)	-600	-600		grec	
Akenside	Akenside, Mark (1721-1770)	1721	1770	littérature	anglais	
Albani	Albani, Francesco (1578-1660)	1578	1660	beaux-arts	italien	
Alcamene	Alcamène (04..-04..? av. J.-C.)	-400	-300		grec	
Alcée	Alcée (0620?-0580? av. J.-C.)	-620	-580	littérature	grec	
Alciato	Alciato, Andrea (1492-1550)	1492	1550	manuel	italien	
Alcman	Alcman (06..-05.. av. J.-C.)	-600	-500	littérature	grec	
Aldrich	Aldrich, Thomas Bailey (1836-1907)	1836	1907	littérature	américain	
Alfieri	Alfieri, Vittorio (1749-1803)	1749	1803	littérature	italien	
Allen	Allen, Joseph Henry (1820-1898)	1820	1898	érudition	américain	
Anacréon	Anacréon (0560-0478 av. J.-C.)	-560	-478	littérature	grec	
Anaxagore	Anaxagore de Clazomènes (0500-0428 av. J.-C.)	-500	-428	littérature	grec	
Anderson	Anderson, Rasmus Björn (1846-1936)	1846	1936	érudition	américain	
Pisano A.	Andrea Pisano (1295?-1349?)	1295	1349	beaux-arts	italien	
Andronicus Cyrrhestes	Andronicus Cyrrhestes (01..-00.. av. J.-C.)	-100	0	littérature	grec	
Anonyme anglais	Anonyme, Heathen Mythology 1842	1800	1900	manuel	anglais	
Antequil-Duperron	Anquetil-Duperron, Abraham-Hyacinthe (1731-1805)	1731	1805	érudition	français	
Anthon	Anthon, Charles (1797-1867)	1797	1867	érudition	américain	
Antimaque	Antimaque de Colophon (05..-04.. av. J.-C.)	-500	-400	littérature	grec	
Antisthène	Antisthène (0445?-0360? av. J.-C.)	-445	-360	littérature	grec	
Anyte	Anyté de Tégée (03..?-02..? av. J.-C.)	-300	-200	littérature	grec	
Apelle	Apelle (03..-03.. av. J.-C.)	-300	-200	beaux-arts	grec	
Apollodore	Apollodore d'Athènes (auteur prétendu ; 01..?-02..?)	-180	-110	littérature	grec	
Apollonios d'Athènes	Apollonios d'Athènes (01..-00.. av. J.-C.)	-100	0	beaux-arts	grec	
Apollonios de Rhodes	Apollonios de Rhodes (0295?-0230? av. J.-C.)	-295	-230	littérature	grec	
Apollonios de Tralles	Apollonios de Tralles (01..-01.. av. J.-C.)	-100	-10	beaux-arts	grec	
Tauriscos	Tauriscos de Tralles (01..-01.. av. J.-C.)	-100	-10	beaux-arts	grec	
Appleton	Appleton, William Henry (1814-1899)	1814	1899	editor	américain	
Apulée	Apulée (0125?-0180?)	125	180	littérature	latin	
Aratos	Aratos de Sicyone (0271?-0213 av. J.-C.)	-271	-213	littérature	grec	
Archiloque	Archiloque (0712?-0664? av. J.-C.)	-712	-664	littérature	grec	
Arctinos	Arctinos de Milet (07..?-07..? av. J. C.)	-700	-600	littérature	grec	
Arion	Arion (06..-06..)	-700	-600	littérature	grec	
Ariosto	Arioste, L' (1474-1533)	1474	1533	littérature	italien	
Aristée	Aristée (06..? -....? av. J. -C.)	-06..	-....			
Aristophane	Aristophane (0445?-0386? av. J.-C.)	-445	-386	littérature	grec	
Aristote	Aristote (0384-0322 av. J.-C.)	-384	-322	érudition	grec	
Armstrong	Armstrong, John (1709-1779)	1709	1779	littérature	anglais	
D'Arnaud	Arnaud, François-Thomas-Marie de Baculard d' (1718-1805)	1718	1805	littérature	français	
Jónsson	Arngrimur Jónsson (1568-1648)	1568	1648	littérature	latin	islandese
Magnússon	Árni Magnússon (1663-1730)	1663	1730	érudition	latin	islandese
Arnold E.	Arnold, Edwin (1832-1904 ; Sir)	1832	1904	littérature	anglais	
Arnold M.	Arnold, Matthew (1822-1888)	1822	1888	littérature	anglais	
Ashe	Ashe, Thomas (1836-1889)	1836	1889	littérature	anglais	irlandese
Athénodore	Athénodore de Rhodes (00..-00..)	00..	00..	beaux-arts	dat. Laocoon	
Aubert	Aubert, Jean-Louis (1731-1814)	1731	1814	littérature	français	
Augustin	Augustin (saint ; 0354-0430)	354	430	érudition	latin	
Aulu-Gelle	Aulu-Gelle (0123?-0180?)	123	180	littérature	latin	
Aurelius Victor	Aurelius Victor (03..-03..)	327	390	littérature	latin	
Ausone	Ausone (0310?-0395?)	310	395	littérature	latin	
Bacon	Bacon, Francis (1561-1626)	1561	1626	érudition	anglais	
Bailly	Bailly, Jean Sylvain (1736-1793)	1736	1793		français	
Baldwin	Baldwin, James (1841-1925)	1841	1925	littérature	américain	
Baltus	Baltus, Jean-François (1667-1743)	1667	1743	érudition	français	
Balze	Balze (17..?-17..?)	1700	1800	littérature	français	
Bandinelli	Bandinelli, Baccio (1493-1560)	1493	1560	beaux-arts	italien	
Banier	Banier, Antoine (1673-1741)	1673	1741	érudition	français	
Baour-Lormian	Baour-Lormian, Pierre-Marie-François (1770-1854)	1770	1854	littérature	français	
Barberet	Barberet, Charles (1805-18..?)	1805	1900	beaux-arts	américain	
Barbier	Barbier-Vémars, Joseph-Nicolas (1775-183.?)	1775	1830		français	
Barnfield	Barnfield, Richard (1574-1627)	1574	1627	littérature	anglais	
Barthe	Barthe, Nicolas-Thomas (1736-1785)	1736	1785	littérature	français	
Barthélemy J.-J.	Barthélemy, Jean-Jacques (1716-1795)	1716	1795	littérature	français	
Bartoli	Bartoli, Pietro Santi (1635-1700)	1635	1700	beaux-arts	italien	
Bartsch	Bartsch, Karl (1832-1888)	1832	1888	beaux-arts	anglais	
Bates	Bates Harry (1850-1899)	1850	1899			
Baude	Baude, Louis (18..?-18..?)	1804	1862	manuel	français	
Sénecé	Bauderon de Sénecé, Antoine (1643-1737)	1643	1737	littérature	français	
Baumeister	Baumeister, August (1820-1932)	1820	1932	érudition	allemand	
Bayes	Bayes, Gilbert William (1872-1953)	1872	1953	beaux-arts	anglais	
Bayle	Bayle, Pierre (1647-1706)	1647	1706	littérature	français	
Beattie	Beattie, James (1735-1803)	1735	1803	littérature	anglais	
Beauharnois	Beauharnais, Fanny de (1737-1813)	1737	1813	littérature	français	
Beaumont	Beaumont, Francis (1585-1616)	1585	1616	littérature	français	
Beddoes	Beddoes, Thomas Lovell (1803-1849)	1803	1849	littérature	anglais	
Bellotti	Bellotti, Pietro (1625-1700)	1625	1700	beaux-arts	italien	
Benfey	Benfey, Theodor (1809-1881)	1809	1881	érudition	allemand	
Bennett	Bennett, William Cox (1820-1895)	1820	1895	littérature	anglais	
Bérenger	Béranger, Pierre-Jean de (1780-1857)	1780	1857	littérature	français	
Bergier	Bergier, Nicolas (1718-1790)	1718	1790	érudition	français	
Bergk	Bergk, Theodor (1812-1881)	1812	1881	érudition	allemand	
Bernard	Bernard, Pierre-Joseph (1708-1775)	1708	1775	littérature	français	
Bernini	Bernin, Le (1598-1680)	1598	1680	beaux-arts	italien	
Bernis	Bernis, François-Joachim de Pierre de (1715-1794)	1715	1794	littérature	français	
Bérose	Bérose (03..-03..)	-400	-300	littérature	chaldéen	
Bertaut	Bertaut, Jean (1552-1611)	1552	1611	littérature	français	
Bertoux	Bertoux, Guillaume (1723-17..?)	1723	1810	manuel	français	
Beyschlag	Beyschlag, Robert Julius (1838-1903)	1838	1903	beaux-arts	allemand	
Bias	Bias de Priène (0570?-05..? av. J.-C.)	-570	-400		grec	
Bion	Bion de Phlossa (0120-0057 av. J.-C.)	-120	-57		grec	
Björn	Björn Jónsson á Skarðsá (1574-1655)	1574	1655			
Blackie	Blackie, John Stuart (1809-1895)	1809	1895	littérature	anglais	
Blake	Blake, William (1757-1827)	1757	1827	littérature	anglais	
Bland	Bland, Robert (1779-1825)	1779	1825	littérature	anglais	
Blin de Sainmore	Blin de Sainmore, Adrien-Michel-Hyacinthe (1733-1807)	1733	1807	littérature	français	
Boccaccio	Boccace (1313-1375)	1313	1375	littérature	italien	
Bodart	Bodard de Tezay, Nicolas-Marie-Felix (1756-1823)	1756	1823	littérature	français	
Bodenhausen	Bodenhausen, Cuno von (1852-1931)	1852	1931	beaux-arts	allemand	
Bodmer	Bodmer, Johann Jakob (1698-1783)	1698	1783		allemand	è svizzero
Boileau	Boileau, Nicolas (1636-1711)	1636	1711	littérature	français	
Borde	Borde, Charles (1711-1781)	1711	1781	littérature	français	
Bordone	Bordone, Paris (1500-1571)	1500	1571	beaux-arts	italien	
Bossuet	Bossuet, Jacques Bénigne (1627-1704)	1627	1704	érudition	français	
Boufflers	Boufflers, Stanislas-Jean de (1738-1815)	1738	1815	littérature	français	
Bouguereau,	Bouguereau, William (1825-1905)	1825	1905	beaux-arts	français	
Bouhier	Bouhier, Jean (1673-1746)	1673	1746	littérature	français	
Riveri	Boulenger de Rivery, Claude-François-Félix (1725-1758)	1725	1758	littérature	français	
Boupale de Chios	Boupale de Chios, VI sec.	-600	-500	beaux-arts	grec	
Bourdic	Bourdic-Viot, Henriette (1744-1802)	1744	1802	littérature	français	
Boursault	Boursault, Edme (1638-1701)	1638	1701	littérature	français	
Bowring	Bowring, Edgar Alfred (1826-1911)	1826	1911	littérature	anglais	
Boyesen	Boyesen, Hjalmar Hjorth (1848-1895)	1848	1895	littérature	américain	nato in Norvegia
Bramante	Bramante (1444-1514)	1444	1514	beaux-arts	italien	
Brandi	Brandi, Giacinto (1621-1691)	1621	1691	beaux-arts	italien	
Brébeuf	Brébeuf, Georges de (1617-1661)	1617	1661	littérature	français	
Brès	Brès, Jean-Pierre (1782 – 1832)	1782	1832	manuel	français	
Brooks	Brooks, Charles Timothy (1813-1883)	1813	1883	littérature	américain	
Broome	Broome, William (1689-1745)	1689	1745	littérature	anglais	
Browning E.	Browning, Elizabeth Barrett (1806-1861)	1806	1861	littérature	anglais	
Browning R.	Browning, Robert (1812-1889)	1812	1889	littérature	anglais	
Bruneau	Bruneau			littérature	français	
Brunel	Brunel, Joseph (1746-1820)	1746	1820	manuel	français	
Bryant J.	Bryant, Jacob (1715-1804)	1715	1804	littérature	anglais	
Bryant W.	Bryant, William Cullen (1794-1878)	1794	1878	littérature	américain	
Brynjólfur	Brynjólfur Sveinsson (1605-1675)	1605	1675		islandais	
Buchanan	Buchanan, Robert Williams (1841-1901)	1841	1901	littérature	anglais	scozzese
Buckley	Buckley, Theodore Alois William (1825-1856)	1825	1856	littérature	anglais	
Budge	Budge, Ernest Alfred Thompson Wallis (1857-1934)	1857	1934	érudition	anglais	
Budgell	Budgell, Eustace (1688-1737)	1688	1737	littérature	anglais	
Bugge	Bugge, Sophus (1833-1907)	1833	1907	littérature	norvegien	
Bulfinch S. G.	Bulfinch, Stephen Greenleaf (1809-1870)	1809	1870	littérature	américain	
Bulfinch Th.	Bulfinch, Thomas (1796-1867)	1796	1867	manuel	américain	
Burges	Burges, George (1786-1864)	1786	1864	littérature	anglais	
Burne-Jones	Burne-Jones, Edward Coley (1833-1898)	1833	1898	beaux-arts	anglais	
Burnouf	Burnouf, Eugène (1801-1852)	1801	1852	érudition	français	
Burns	Burns, Robert (1759-1796)	1759	1796	littérature	anglais	scozzese
Bussy	Bussy, Marie-Elisabeth Letellier (1743-1783 ; comtesse de)	1743	1783		français	
Butcher	Butcher, Samuel Henry (1850-1918)	1850	1910	littérature	anglais	irlandese
Butler	Butler, Samuel (1612-1680)	1612	1680	littérature	anglais	
Byron	Byron, George Gordon Byron (1788-1824 ; baron)	1788	1824	littérature	anglais	
Caird	Caird, John (1820-1898)	1820	1898	érudition	anglais	
Call	Call, Wathen Mark Wilks (1817-1890)	1817	1890	littérature	anglais	
Callimaque	Callimaque (0305?-0240? av. J.-C.)	-305	-240	littérature	grec	
Callot	Callot, Jacques (1592-1635)	1592	1635	beaux-arts	français	
Calverley	Calverley, Charles Stuart (1831-1884)	1831	1884	littérature	anglais	
Camões	Camões, Luís de (1525?-1580)	1525	1580	littérature	portugais	
Campbell L.	Campbell, Lewis (1830-1908)	1830	1908	littérature	anglais	
Campbell Th.	Campbell, Thomas (1777-1844)	1777	1844	littérature	anglais	scozzese
Campistron	Campistron, Jean-Galbert de (1656-1723)	1656	1723	littérature	français	
Canova	Canova, Antonio (1757-1822)	1757	1822	beaux-arts	italien	
Carlisle	Carlisle, George William Frederick Howard (1802-1864 ; comte de)	1802	1864	érudition	anglais	
Carlyle	Carlyle, Thomas (1795-1881)	1795	1881	littérature	anglais	scozzese
Carracci A.	Carracci, Annibale (1560-1609)	1560	1609	beaux-arts	italien	
Carracci L.	Carracci, Ludovico (1555-1619)	1555	1619	beaux-arts	italien	
La Rosalba	Carriera, Rosalba (1675-1757)	1675	1757	beaux-arts	italien	
Castel	Castel, René Richard (1758-1832)	1758	1832	littérature	français	
Castilhon	Castilhon, Jean (1720-1799)	1720	1799	littérature	français	
Catulle	Catulle (0087?-0052? av. J.-C.)	-87	-52	littérature	latin	
Cellini	Cellini, Benvenuto (1500-1571)	1500	1571	beaux-arts	italien	anche scrittore
Céphisodote	Céphisodote le Jeune (03..-02.. av. J.-C.)	-300	-200	beaux-arts	grec	
Cérutti	Cerutti, Joseph-Antoine-Joachim (1738-1792)	1738	1792	littérature	français	
Cervantes	Cervantes Saavedra, Miguel de (1547-1616)	1547	1616	littérature	espagnol	
César	César, Jules (0100-0044 av. J.-C.)	-100	-44	littérature	latin	
Chabanon	Chabanon, Michel Paul Guy de (1730-1792)	1730	1792	littérature	français	
Chapman	Chapman, George (1559-1634)	1559	1634	littérature	anglais	
Charès	Charès de Lindos (03..-03.. av. J.-C.)	-400	-300	beaux-arts	grec	
Chas	Chas, Pierre (17..-182.?)	1700	1820	littérature	français	
Chaucer	Chaucer, Geoffrey (1340?-1400)	1340	1400	littérature	anglais	
Chaulieu	Chaulieu, Guillaume Amfrye de (1639-1720?)	1639	1720	littérature	français	
Chilon	Chilon (04XX-04XX av. J.-C.)	-500	-400		grec	
Church	Church, Frederick Stuart (1842-1924)	1842	1924	beaux-arts	américain	
Cicéron	Cicéron (0106-0043 av. J.-C.)	-106	-43	littérature	latin	
Clarac	Clarac, Frédéric de (1777-1847)	1777	1847	beaux-arts	français	
Clarke	Clarke, James Freeman (1810-1888)	1810	1888	érudition	américain	
Claudien	Claudien (0370?-0404?)	370	404	littérature	latin	
Richard	Cleasby, Richard (1797-1847)	1797	1847	érudition	anglais	
Clément d'Alexandrie	Clément d'Alexandrie (0150?-021.?)	150	215	érudition	grec	
Clément	Clément, Jean Marie Bernard (1742-1812)	1742	1812	littérature	français	
Cléobule	Cléobule de Lindos (0630?-0560 av. J.-C.)	-630	-560	littérature	grec	
Cléomène	Cléomène (04..?-02..? av. J.-C.)	-400	-200	littérature	grec	
Cliffton	Cliffton, William (1771-1799)	1771	1799	littérature	américain	
Clodd	Clodd, Edward (1840-1930)	1840	1930	érudition	anglais	
Clough	Clough, Arthur Hugh (1819-1861)	1819	1861	littérature	anglais	
Cochin	Cochin, Charles-Nicolas (1715-1790)	1715	1790	beaux-arts	français	
Coleridge H.	Coleridge, Hartley (1796-1849)	1796	1849	littérature	anglais	
Coleridge S. T.	Coleridge, Samuel Taylor (1772-1834)	1772	1834	littérature	anglais	
Collier	Collier, John (1850-1934)	1850	1934	beaux-arts	anglais	
Colin d’Harleville	Collin d'Harleville, Jean-François (1755-1806)	1755	1806	littérature	français	
Collins M.	Collins, Mortimer (1827-1876)	1827	1876	littérature	anglais	
Collins W.	Collins, William (1721-1759)	1721	1759	littérature	anglais	
Collins W. L.	Collins, William Lucas (1815-1887)	1815	1887	littérature	anglais	
Collouthos	Collouthos (04..-05..)	-400	-500	littérature	grec	
Colman	Colman, George (1732-1794)	1732	1794	littérature	anglais	
Colvin	Colvin, Sidney (1845-1927)	1845	1927		anglais	
Conington	Conington, John (1825-1869)	1825	1869	littérature	anglais	
Cooke	Cooke, Thomas (1703-1756)	1703	1756	littérature	anglais	
Corinne	Corinne (05..?-04..? av. J.-C.)	-500	-400	littérature	grec	
Corneille	Corneille, Pierre (1606-1684)	1606	1684	littérature	français	
Corneille Th.	Corneille, Thomas (1625-1709)	1625	1709	littérature	français	
Cornelis	Van Haarlem, Cornelis (1562-1638)	1562	1638	beaux-arts	néerlandais	
Cornwall	Cornwall, Barry (1787-1874)	1787	1874	littérature	anglais	
Correggio	Corrège, Le (1489?-1534)	1489	1534	beaux-arts	italien	
Cortés	Cortés, Hernán (1485-1547)	1485	1547			
Cosquin	Cosquin, Emmanuel (1841-1919)	1841	1919	érudition	français	
Cottle	Cottle, Amos Simon (1766-1800)	1766	1800	littérature	anglais	
Cotton	Cotton, Nathaniel (1707-1788)	1707	1788	littérature	anglais	
Cournand	Cournand, Antoine de (1747-1814)	1747	1814	littérature	français	
Court de Gébelin	Court de Gébelin, Antoine (1719-1784)	1719	1784	érudition	français	
Cowley	Cowley, Abraham (1618-1667)	1618	1667	littérature	anglais	
Cowper	Cowper, William (1731-1800)	1731	1800	littérature	anglais	
Cox G. W.	Cox, George William (1827-1902)	1827	1902	manuel	anglais	
Crabbe	Crabbe, George (1754-1832)	1754	1832	littérature	anglais	
Crane	Crane, Oliver (1822-1896)	1822	1896	littérature	américain	
Cranstoun	Cranstoun, James (1837-1901)	1837	1901	érudition		
Creech	Creech, Thomas (1659-1700)	1659	1700	littérature	anglais	
Crésilas	Crésilas (04..-04.. av. J.-C.)	-500	-400	beaux-arts	grec	
Creuzer G. F.	Creuzer, Georg Friedrich (1771-1858)	1771	1858	érudition	allemand	
Croxall	Croxall, Samuel (....-1752)	1690	1752	littérature	anglais	
Ctésiphon	Ctésiphon (VI sec a.C.)	-700	-600	beaux-arts	grec	
Cubières	Cubières-Palmézeaux, Michel de (1752-1820)	1752	1820	littérature	français	
Curtin	Curtin, Jeremiah (1835-1906)	1835	1906	érudition	américain	
Curzon	Curzon, Alfred de (1820-1895)	1820	1895	beaux-arts	français	
Saint Cyprien	Cyprien (saint ; 02..-0258)	200	258	littérature		
Da Ponte	Da Ponte, Lorenzo L. (1805-1841)	1805	1841	littérature	italien	
Mme Dacier	Dacier, Anne (1651-1720)	1651	1720	littérature	français	
Dale	Dale, Anthony van (1638-1708)	1638	1708	érudition	latin	paesi bassi
Dale Th.	Dale, Thos.			littérature		
Danchet	Danchet, Antoine (1671-1748)	1671	1748	littérature	français	
Daniel	Daniel, Samuel (1562-1619)	1562	1619	littérature	anglais	
Dannecker	Dannecker, Johann Heinrich von (1758-1841)	1758	1841	beaux-arts	allemand	
Dante	Dante Alighieri (1265-1321)	1265	1321	littérature	italien	
Darlington	Darlington, William (1782–1863)	1782	1863	manuel	américain	
Darwin E.	Darwin, Erasmus (1731-1802)	1731	1802	littérature	anglais	
Dasent	Dasent, George Webbe (1817-1896)	1817	1896	littérature	anglais	
David	Jacques-Louis David (1748-1825)	1748	1825	beaux-arts	français	
Davies	Davies, James (1820-1883)	1820	1883	littérature	anglais	
De Vere	De Vere, Aubrey (1814-1902)	1814	1902	littérature	anglais	irlandese
Dekker	Dekker, Thomas (1572?-1632)	1572	1632	littérature	anglais	
Delavigne	Delavigne, Casimir (1793-1843)	1793	1843	littérature	français	
Delille	Delille, Jacques (1738-1813)	1738	1813	littérature	français	
Démocrite	Démocrite (0460?-0370? av. J.-C.)	-460	-370	érudition	grec	
Démosthène	Démosthène (0384-0322 av. J.-C.)	-384	-322	littérature	grec	
Demoustier	Demoustier, Charles-Albert (1760-1807)	1760	1807	manuel	français	
Denham	Denham, John (1615-1669)	1615	1669	littérature	anglais	anglo-irlandese
Denys D'Halicarnasse	Denys d'Halicarnasse (0099-0001 av. J.-C.)	-99	-1	littérature	grec	
Derby	Derby, Edward George Geoffrey Smith (1799-1869 ; comte de)	1799	1869	littérature	anglais	
Deshoulières	Deshoulières, Antoinette (1638-1694)	1638	1694	littérature	français	
Desmarets	Desmarets de Saint-Sorlin, Jean (1595-1676)	1595	1676	littérature	français	
Deutsch	Deutsch, Rudolf von (1835?-1855)	1835	1855	beaux-arts		
Bacis	Bacis, devin de Béotie.					
Diagoras	Diagoras de Melos (0450?-0400? av. J.-C.)	-450	-400	littérature	grec	
Dicéarque	Dicéarque de Messine (0347?-0285? av. J.-C.)	-347	-285	littérature	grec	
Diodore de Sicile	Diodore de Sicile (0090?-0020? av. J.-C.)	-90	-20	littérature	grec	
Dion Cassius	Dion Cassius (0155?-0235?)	155	235	littérature	grec	romano
Dippold	Dippold, George Theodore	1850	1950	littérature	américain	
Dixon	Dixon, Richard Watson (1833-1900)	1833	1900	littérature	anglais	
Dobell	Dobell, Sydney (1824-1874)	1824	1874	littérature	anglais	
Dobson	Dobson, Austin (1840-1921)	1840	1921	littérature	anglais	
Doigni	Doigny Du Ponceau (1750-1830)	1750	1830	littérature	français	
Domergue	Domergue, Urbain (1745-1810)	1745	1810	littérature	français	
Domenichino	Dominiquin, Le (1581-1641)	1581	1641	beaux-arts	italien	
Dorat	Dorat, Claude-Joseph (1734-1780)	1734	1780	littérature	français	
Dossi	Dosso Dossi (1489-1542)	1489	1542	beaux-arts	italien	
Dowden	Dowden, Edward (1843-1913)	1843	1913	littérature	anglais	
Doyle	Doyle, Francis Hastings (1810-1888)	1810	1888	littérature	anglais	
Draper	Draper, Herbert (1863?-1920)	1863	1920	beaux-arts	anglais	
Drayton	Drayton, Michael (1563-1631)	1563	1631	littérature	anglais	
Drioux	Drioux, Claude-Joseph (1820-1898)	1820	1898	manuel	français	
Drobecq	Drobecq, Jean-Louis			littérature	français	
Drummond	Drummond, William (1585-1649)	1585	1649	littérature	anglais	scozzese
Dryden J.	Dryden, John (1631-1700)	1631	1700	littérature	anglais	
Mademoiselle du Puget	Du Puget, Mademoiselle R. (1795-1875)	1795	1875	littérature	français	
Rochefort	Dubois de Rochefort, Guillaume (1731-1788)	1731	1788	littérature	français	
Fontanelles	Dubois-Fontanelles, Joseph-Gaspard (1727-1812)	1727	1812	littérature	français	
Ducis	Ducis, Jean-François (1733-1817)	1733	1817	littérature	français	
Dugas-Montbel	Dugas-Montbel, Jean-Baptiste (1776-1834)	1776	1834	littérature	français	
Dumas Ph.	Dumas, Philippe (1738-1782)	1738	1782	littérature	français	
Duruy	Duruy, Victor (1811-1894)	1811	1894	érudition	anglais	
Dyer	Dyer, John (1699-1757)	1699	1757	littérature	anglais	
Édom	Édom, Jacques (1797-1870)	1797	1870	manuel	français	
Edwards A. B.	Edwards, Amelia Blanford (1831-1892)	1831	1892	érudition	anglais	
Edwards S. A.		1800	1900	manuel	américain	
Eiríkur Magnússon	Eiríkur Magnússon (1833-1913)	1833	1913	littérature	anglais	islandese
Élien	Élien le sophiste (0170?-0235?)	170	235	littérature	grec	
Eliot G.	Eliot, George (1819-1880)	1819	1880	littérature	anglais	
Ellis	Ellis, Robinson (1834-1913)	1834	1913	littérature	anglais	
Ellis E. S.	Ellis, Edward Sylvester (1840-1916)	1840	1913	manuel	américain	
Elphinston	Elphinston, James (1721-1809)	1721	1809	littérature	anglais	
Elton	Elton, Oliver (1861-1945)	1861	1945	littérature	anglais	
Emerson	Emerson, Ralph Waldo (1803-1882)	1803	1882	littérature	américain	
Empédocle	Empédocle (04..-04.. av. J.-C.)	-500	-400	littérature	grec	
Engrand	Engrand, Henri (1753-1829)	1753	1829	manuel	français	
Ennius	Ennius, Quintus (0239-0169 av. J.-C.)	-239	-169	littérature	latin	
Épicure	Épicure (0341-0270 av. J.-C.)	-341	-270	littérature	grec	
Epiménide	Épiménide (05..-04.. av. J.-C.)	-500	-400	littérature	grec	
Eschyle	Eschyle (0525?-0456 av. J.-C.)	-525	-456	littérature	grec	
Ésope	Ésope (0620?-0560? av. J.-C.)	-620	-560	littérature	grec	
Eugammon	Eugammon de Cyrène (05..-05.. av. J.-C.)	-600	-500	littérature	grec	
Euripide	Euripide (0480-0406 av. J.-C.)	-480	-406	littérature	grec	
Eusden	Eusden, Laurence (1688-1730)	1688	1730	littérature	anglais	
Eusèbe	Eusèbe de Césarée (0265?-0340)	265	340	littérature	grec	
Eutychidès	Eutychidès de Sicyone (03..-03.. av. J.-C.)	-400	-300	beaux-arts	grec	
Évanthe	Évanthe de Milet				grec	
Évhémère	Évhémère (0340?-0260? av. J.-C.)	-340	-260	littérature	grec	
Faber	Faber, George Stanley (1773-1854)	1773	1854	érudition	anglais	
Fallet	Fallet, Nicolas (1746-1801)	1746	1801	littérature	français	
Fawcett	Fawcett, Edgar (1847-1904)	1847	1904	littérature	américain	
Fawkes	Fawkes, Francis (1721-1777)	1721	1777	littérature	anglais	
Fayolle	Fayolle, François (1774-1852)	1774	1852	littérature	français	
Fénelon	Fénelon, François de (1651-1715)	1651	1715	littérature	français	
Fenton	Fenton, Elijah (1683-1730)	1683	1730	littérature	anglais	
Ferlus	Ferlus, François (1748-1812)	1748	1812	littérature	français	
Feutri	Feutry, Aimé-Ambroise-Joseph (1720-1789)	1720	1789	littérature	français	
Fiels	Fiels, Annie Adams (1834-1915)	1834	1915	littérature	américain	
Timanthe	fin Ve - début IVe siècle avant notre ère	-650	-550	beaux-arts	grec	
Fiske	Fiske, John (1842-1901)	1842	1901	érudition	américain	
Fitzgerald E.	FitzGerald, Edward (1809-1883)	1809	1883	littérature	anglais	
Fitzgerald M. P.	FitzGerald, Maurice Purcell (1835-1877)	1835	1877		anglais	
Flavius Josèphe	Flavius Josèphe (0038?-0100?)	38	100	littérature	grec	nato ebreo, romanizzato
Flaxman	Flaxman, John (1755-1826)	1755	1826	beaux-arts	anglais	
Fletcher	Fletcher, John (1579-1625)	1579	1625	littérature	anglais	
Florian	Florian, Jean-Pierre Claris de (1755-1794)	1755	1794	littérature	français	
Fontanes	Fontanes, Louis de (1759-1821)	1759	1821	littérature	français	
Fontenelle	Fontenelle, Bernard de (1657-1757)	1657	1757	littérature	français	anche érudition
Forster F.	Forster, François (1790-1872)	1790	1872	beaux-arts	français	
Foster-Barham	Foster-Barham, Alfred Garratt (1829-1901)	1829	1901	littérature	anglais	
Fourmont	Fourmont, Étienne (1683-1745)	1683	1745	érudition	français	
Fraccaroli	Fraccaroli, Giuseppe (1849-1918)	1849	1918	érudition	italien	
Franceschini	Franceschini, Marcantonio (1648-1729)	1648	1729	beaux-arts	italien	
Francis	Francis, Philip (1708-1773)	1708	1773	littérature	anglais	irlandese
Francklin	Francklin, Thomas (1721-1784)	1721	1784	littérature	anglais	
François de Neufchâteau	François de Neufchâteau, Nicolas Louis (1750-1828)	1750	1828	littérature	français	
Frere	Frere, John Hookham (1769–1846)	1769	1846	littérature	anglais	
Frothingham E.	Frothingham, Ellen (1835-1902)	1835	1902	littérature	américain	
Frothingham N. L.	Frothingham, Nathaniel Langdon (1793-1870)	1793	1870	littérature	américain	
Fuller	Fuller, Margaret (1810-1850)	1810	1850	littérature	américain	
Furtwängler	Furtwängler, Adolf (1853-1907)	1853	1907	érudition	allemand	
Fuzelier	Fuzelier, Louis (1672?-1752)	1672	1752	littérature	français	
Gallus	Gallus, Caius Cornelius (0069-0026 av. J.C.)	-69	-26	littérature	latin	
Garnett	Garnett, Richard (1835-1906)	1835	1906	littérature	anglais	
Tisio	Tisi, Benvenuto, il Grofalo (1481-1559)	1481	1519	beaux-arts	italien	
Garrick	Garrick, David (1717-1779)	1717	1779	littérature	anglais	
Garth	Garth, Samuel (1661-1719)	1661	1719	littérature	anglais	
Gay	Gay, John (1685-1732)	1685	1732	littérature	anglais	
Gayley	Gayley, Charles Mills (1858-1932)	1858	1932	manuel	américain	e traduttore
Gédoin	Gedoin, Louis (16..-16..)	16..	16..			
Genlis	Genlis, Stéphanie-Félicité Du Crest (1746-1830 ; comtesse de)	1746	1830	manuel	français	
Gentile	Gentile, Giovanni (1875-1944)	1875	1944	érudition	italien	
Gérard	Gérard, François (1770-1837)	1770	1837	littérature	français	
Gerhard	Gerhard, Eduard (1795-1867)	1795	1867	érudition	allemand	
Gerlach	Gerlach, Martin (1846-1918)	1846	1918		allemand	editore
Géruzez	Géruzez, Eugène (1799-1865)	1799	1865	manuel	français	
Giambologna	Giambologna (1529-1608)	1529	1608	beaux-arts	italien	
Gilbert	Gilbert, William Schwenck (1836-1911)	1836	1911	littérature	anglais	
Giordano L.	Giordano, Luca (1632-1705)	1632	1705	beaux-arts	italien	
Giorgione	Giorgione (1477-1510)	1477	1510	beaux-arts	italien	
Girodet	Girodet, Anne-Louis (1767-1824)	1767	1824	beaux-arts	français	
Gladstone	Gladstone, William Ewart (1809-1898)	1809	1898	érudition	anglais	
Gleyre	Gleyre, Charles (1806-1874)	1806	1874	beaux-arts		svizzero
Glover	Glover, Richard (1712-1785)	1712	1785	littérature	anglais	
Glycon d'Athènes	Glycon d'Athènes (02..-02.. av. J.-C.)	-300	-200	beaux-arts	grec	
Goethe	Goethe, Johann Wolfgang von (1749-1832)	1749	1832	littérature	allemand	
Goldsmith	Goldsmith, Oliver (1730?-1774)	1730	1774	littérature	anglais	irlandese
Gosse	Gosse, Edmund William (1849-1928)	1849	1928	littérature	anglais	
Gray D.	Gray, David (1838-1861)	1838	1861	littérature	anglais	
Gray Th.	Gray, Thomas (1716-1771)	1716	1771	littérature	anglais	
Greene	Greene, Robert (1558?-1592)	1558	1592	littérature	anglais	
Greenough	Greenough, James Bradstreet (1833-1901)	1833	1901	érudition	américain	
Greenwell	Greenwell, Dora (1821-1889)	1821	1889	littérature	anglais	
Gresset	Gresset, Jean-Baptiste-Louis (1709-1777)	1709	1777	littérature	français	
Grimm J.	Grimm, Jacob (1785-1863)	1785	1863	érudition	allemand	
Grimm  W.	Grimm, Whilelm (1786-1859)	1786	1859	érudition	allemand	
Grimm	Jacob et/ou Whilelm	1785	1863	érudition	allemand	
Guđbrandur	Guđbrandur Vigfússon (1827-1889)	1827	1889	érudition	anglais	Islandese
Guerber	Guerber, Hélène Adeline (1869-1929)	1869	1929	manuel	anglais	
Guercino	Guerchin, Le (1591-1666)	1591	1666	beaux-arts	italien	
Guérin du Rocher	Guérin du Rocher, Pierre-Marie-Stanislas (1731-1792)	1731	1792	érudition	français	
Guérin	Guérin, Pierre-Narcisse (1774-1833)	1774	1833	beaux-arts	français	
Deguerle	Guerle, Jean-Nicolas-Marie de (1766-1824)	1766	1824	littérature	français	
Guhl	Guhl, Ernst Karl (1819-1862)	1819	1862	érudition	allemand	
Guigniaut	Guigniaut, Joseph-Daniel (1794-1876)	1794	1876	érudition	français	
Guild	Guild, Edward Chipman (1832-1899)	1832	1899	érudition		
Latouche	Guimond de La Touche, Claude (1723-1760)	1723	1760	littérature	français	
Guyétand	Guyétand, Claude-Marie (1748-1811)	1748	1811	littérature	français	
Hahn	Hahn, Werner			érudition	allemand	
Hake	Hake, Thomas Gordon (1809-1895)	1809	1895	littérature	anglais	
Hale	Hale, Edward Everett (1822-1909)	1822	1909	érudition	américain	
Hallam	Hallam, Arthur Henry (1811-1833)	1811	1833	littérature	anglais	
Hammond	Hammond, Gertrude Demain (1862-1952)	1862	1952	beaux-arts	anglais	
Hamon	Hamon, Jean-Louis (1821-1874)	1821	1874	beaux-arts	français	
Haug	Haug, Martin (1827-1876)	1827	1876	érudition	allemand	
Hawthorne	Hawthorne, Nathaniel (1804-1864)	1804	1864	littérature	américain	
Head	Head, Guy (1753-1800)	1753	1800			
Helbig	Helbig, Johannes Hugo (1845-19..)	1845	1950	érudition	allemand	
Hemans	Hemans, Felicia (1793-1835)	1793	1835	littérature	anglais	
Héraclite	Héraclite du Pont, IV sec a. C.	-500	-400	érudition	grec	
Herbert	Herbert, William (1778-1847)	1778	1847	littérature	anglais	
Hermès Trismégiste	Hermès Trismégiste (auteur prétendu)	300	400	littérature	grec	egiziano?
Hermite de Maillane	Hermitte de Maillane, Antoine-Hippolyte (1745-1790)	1745	1790	littérature	français	
Hérodote	Hérodote (0484?-0420? av. J.-C.)	-484	-420	littérature	grec	
Herrick	Herrick, Robert (1591-1674)	1591	1674	littérature	anglais	
Hervey	Hervey, Thomas Kibble (1799-1859)	1799	1859	littérature	anglais	
Hésiode	Hésiode (07..?-07..? av. J.-C.)	-800	-700	littérature	grec	
Hippocrate	Hippocrate (0460-0377 av. J.-C.)	-460	-377	littérature	grec	
Hirt	Hirt, Aloys Ludwig (1759-1837)	1759	1837	érudition	allemand	
Hoccleve	Hoccleve, Thomas (1369?-1426)	1369	1426	littérature	anglais	
Hoffmann J.	Hoffmann, Josef (1831-1904)	1831	1904	beaux-arts	allemand	
Holland	Holland, Philemon (1552-1637)	1552	1637	littérature	anglais	
Holmes	Holmes, Oliver Wendell (1809-1894)	1809	1894	érudition	américain	
Homère	Homère (08..?-08..? av. J.-C.)	-900	-800	littérature	grec	
Hood	Hood, Thomas (1799-1845)	1799	1845	littérature	anglais	
Horace	Horace (0065-0008 av. J.-C.)	-65	-8	littérature	latin	
Horne	Horne, Richard Hengist (1802-1884)	1802	1884	littérature	anglais	
Hort	Hort, William Jillard (……….)	1800	1850	manuel	anglais	
Hübner	Hübner, Eduard (1842-1918)	1842	1918	beaux-arts	allemand	
Huet	Huet, Pierre-Daniel (1630-1721)	1630	1721	érudition	français	
Hughes	Hughes, John (1677-1720)	1677	1720	littérature	anglais	
Humbert	Humbert, Jean (1792-1851)	1792	1851	manuel	français	
Hunt H. J.	Hunt Jackson, Helen (1830-1885)	1830	1885	littérature	américain	
Hunt L.	Hunt, Leigh (1784-1859)	1784	1859	littérature	anglais	
Hygin	Hygin (01..?-01..?)	-67	17	littérature	latin	
Ibycos	Ibycos (05..-05.. av. J.-C.)	-600	-500	littérature	grec	
Ilberg	Ilberg, Johannes (1860-1930)	1860	1930	érudition	allemand	
Imbert	Imbert, Barthélemy (1747-1790)	1747	1790	littérature	français	
Ingelow	Ingelow, Jean (1820-1897)	1820	1897	littérature	anglais	
Inghirami	Inghirami, Francesco (1772-1846)	1772	1846	érudition	italien	
Ingres	Ingres, Jean Auguste Dominique (1780-1867)	1780	1867	beaux-arts	français	
Iriarte	Iriarte, Tomás de (1750-1791)	1750	1791	littérature	espagnol	
Livani	Izoard de Livani					
Otto J.	Jahn, Otto (1813-1869)	1813	1869	érudition	allemand	
Jasper J.	Jasper, John (1812-1901)	1812	1901		américain	
Sophie de Jaucourt	Jaucourt, Sophie-Marie-Louis de Chaponnay (Marquise de)	1700	1800	littérature	français	
Jean de las Sanctas	Jean de las Sanctas			érudition		portugais
Jebb	Jebb, Richard Claverhouse (1841-1905)	1841	1905	érudition	anglais	anche traduttore
Jevons	Jevons, Frank Byron (1858-1936)	1858	1936	érudition	anglais	
Johnson S.	Johnson, Samuel (1709-1784)	1709	1784	érudition	anglais	
Johnston A. K.	Johnston, Alexander Keith (1804-1871)	1804	1871	érudition	anglais	
Johnston T. C.	Johnston, Thomas Crawford (18..-19..)	1800	1900	érudition		
Johnston J. W.	Johnston, William Preston (1831-1899)	1831	1899	érudition	américain	
Jonson B.	Jonson, Ben (1572?-1637)	1572	1637	littérature	anglais	
Jordaens	Jordaens, Jacob (1593-1678)	1593	1678	beaux-arts		flamand
Jordan W.	Jordan, Wilhelm (1819-1904)	1819	1904	érudition	allemand	
Jossaud	Jossaud, Le P. 					
Jotham	Jotham					
Justin	Justin (historien ; 02..-02..)	200	300	littérature	latin	
Juvénal	Juvénal (0060?-0130?)	60	130	littérature	latin	
Kālidāsa	Kālidāsa (03..-04.. ; poète et dramaturge)	400	500	littérature	sanskrit	sanskrit
Kaulbach	Kaulbach, Wilhelm von (1805-1874)	1805	1874	beaux-arts	allemand	
Keary	Keary, Charles Francis (1848-1917)	1848	1917	érudition	anglais	
Keats	Keats, John (1795-1821)	1795	1821	littérature	anglais	
Keightley Th.	Keightley, Thomas (1789-1870)	1789	1870	érudition	anglais	
Keil	Keil, Heinrich (1822-1894)	1822	1894	érudition	allemand	
Keller	Keller, Ferdinand (1842-1922)	1842	1922	beaux-arts	allemand	
Kelsey	Kelsey, Francis Willey (1858-1927)	1858	1927	érudition	américain	
Kiepert	Kiepert, Heinrich (1818-1899)	1818	1899	érudition	allemand	
King H.	King, Henry (1817-1...)	1817	1900	littérature	anglais	
King W.	King, William (1663-1712)	1663	1712	littérature	anglais	
Kingsley	Kingsley, Charles (1819-1875)	1819	1875	littérature	anglais	
Knight	Knight, Richard Payne (1750-1824)	1750	1824	érudition	anglais	
Koner	Koner, Wilhelm David (1817-1887)	1817	1887	érudition	allemand	
Kray	Kray, Wilhelm (1828-1889)	1828	1889	beaux-arts	allemand	
Kürenberg	Kürenberg, Der von (11..-11..)	1100	1200	littérature	allemand	
Kupfer	Kupfer, Grace Harriet (1873-19..)	1873	1950	manuel	américain	
Kyd	Kyd, Thomas (1558-1594)	1558	1594	littérature	anglais	
La Chapelle	La Chapelle, Jean de (1651-1723)	1651	1723	littérature	français	
La Fontaine	La Fontaine, Jean de (1621-1695)	1621	1695	littérature	français	
La Fosse	La Fosse, Antoine de (1653-1708)	1653	1708	littérature	français	
La Grange-Chancel	La Grange-Chancel, François-Joseph de (1677-1758)	1677	1758	littérature	français	
La Harpe	La Harpe, Jean François de (1739-1803)	1739	1803	littérature	français	
La Motte	La Motte, Antoine Houdar de (1672-1731)	1672	1731	littérature	français	
De la Noue	La Noue, Jean Baptiste Sauvé de (1701-1760)	1701	1760	littérature	français	
La Rochefoucauld	La Rochefoucauld, François de (1558-1645)	1558	1645	littérature	français	
Lachmann	Lachmann, Karl (1793-1851)	1793	1851	érudition	allemand	
Lactance	Lactance (0260?-032.?)	260	320	littérature	latin	
Landon	Landon, Charles-Paul (1761-1826)	1761	1826	beaux-arts	anglais	
Landor	Landor, Walter Savage (1775-1864)	1775	1864	littérature	anglais	
Lang	Lang, Andrew (1844-1912)	1844	1912	littérature	anglais	
Larned	Larned, Augusta (1835-1924)	1835	1924	littérature	américain	
Lathrop	Lathrop, George Parsons (1851-1898)	1851	1898	littérature	américain	
Laugier	Laugier de Grandchamp, Mme (née Gaudin)	1750	1850	littérature	français	
Leurencin	Laurencin, Julie d'Assier de la Chassagne (1741-18..? ; comtesse de)	1741	18..			
De Laurès	Laurès, Antoine de (1708?-1779)	1708	1779			
Lawton	Lawton, William Cranston (1853-1941)	1853	1941			
Lazarus	Lazarus, Emma (1849-1887)	1849	1887			
Leblanc de Guillet	Le Blanc de Guillet, Antoine (1730-1799)	1730	1799			
Desmortier	Le Bouvier-Desmortiers, Urbain-René-Thomas (1739-1827)	1739	1827			
Le Brun	Le Brun, Ponce-Denis Écouchard (1729-1807)	1729	1807			
Lefranc	Le Franc de Pompignan, Jean-Jacques (1709-1784)	1709	1784			
La Mierre	Le Mierre, Antoine-Marin (1723-1793)	1723	1793			
Leaf	Leaf, Walter (1852-1927)	1852	1927			
Buffon	Leclerc, Georges-Louis Buffon (1707-1788 ; comte de)	1707	1788			
Lefebvre	Lefebvre, Jules (1836-1911)	1836	1911			
Légier	Légier, Pierre (1734-1791)	1734	1791			
Legouvé	Legouvé, Gabriel (1764-1812)	1764	1812			
Leighton	Leighton, Frederic (1830-1896)	1830	1896			
Leland	Leland, Charles Godfrey (1824-1903)	1824	1903			
Mazurier	Lemazurier, Pierre-David (1775-1836)	1775	1836			
Le Mercier	Lemercier, Népomucène Louis (1771-1840)	1771	1840			
Le Monnier	Lemonnier, Guillaume-Antoine (1721-1797)	1721	1797			
Lemprière	Lemprière, John (1765?-1824)	1765	1824			
Léocharès	Léocharès (03..-03.. av. J.-C.)	-03..	-03..			
Leonardo	Léonard de Vinci (1452-1519)	1452	1519			
Léonard	Léonard, Nicolas Germain (1744-1793)	1744	1793			
Le Prieur	Leprieur, J.-C. (1719-1…?)					
Leschès	Leschès de Pyrrha (07..-06.. av. J.-C.)	-07..	-06..			
Lessing	Lessing, Gotthold Ephraim (1729-1781)	1729	1781			
Letellier	Le Tellier, Constant (1768-1846)	1768	1846	manuel	français	
Lettsom	Lettsom, William Nanson (1796-1865)	1796	1865			
Lewis	Lewis, Francis (17..-17..)	17..	17..			
Libon	Libon d'Élis (04..-04.. av. J.-C.)	-04..	-04..			
Linton	Linton, William James (1812-1897)	1812	1897			
Livius Andronicus	Livius Andronicus (0280?-0207 av. J.-C.)	-280	-207			
Lloyd	Lloyd, Robert (1733-1764)	1733	1764			
Lobeck	Lobeck, Christian August (1781-1860)	1781	1860			
Lodge	Lodge, Thomas (1558-1625)	1558	1625			
Longepierre	Longepierre, Hilaire-Bernard de (1659-1731)	1659	1731			
Longfellow	Longfellow, Henry Wadsworth (1807-1882)	1807	1882			
Longin	Longin					
Longus	Longus (01..-02..)	01..	02..			
Lorrain	Lorrain, Claude (1600-1682)	1600	1682			
Lowell	Lowell, James Russell (1819-1891)	1819	1891			
Lucain	Lucain (0039-0065)	39	65			
Luce	Luce de Lancival, Jean-Charles-Julien (1764-1810)	1764	1810			
Lucien	Lucien de Samosate (0125?-0192?)	125	192			
Lucrèce	Lucrèce (0097?-0055 av. J.-C.)	-97	-55			
Ludlow	Ludlow, John Malcolm Forbes (1821-1911)	1821	1911			
Lüning	Lüning, Hermann (1814-1874)	1814	1874			
Lützow	Lützow, Karl Friedrich Arnold von (1832-1897)	1832	1897			
Lycophron	Lycophron (0320?-02.. av. J.-C.)	-320	-02..			
Lyly	Lyly, John (1554?-1606)	1554	1606			
Lysippe	Lysippe (03..-03.. av. J.-C.)	-03..	-03..			
Lyttleton	Lyttleton, George Lyttleton (1709-1773)	1709	1773			
Lytton	Lytton, Edward Robert Bulwer (1831-1891 ; comte de)	1831	1891			
Mabie	Mabie, Hamilton Wright (1846–1916)					
Macaulay	Macaulay, Thomas Babington (1800-1859)	1800	1859			
MacDonald	MacDonald, Frederika (1845-1923)	1845	1923			
Macpherson	Macpherson, James (1736-1796)	1736	1796			
Macrobe	Macrobe (03..-04..)	03..	04..			
Maffei	Maffei, Scipione (1675-1755)	1675	1755			
Magnús	Magnús Ólafsson i Laufasi (1573?-1636)	1573	1636			
Mahomet	Mahomet (prophète de l'Islam ; 057.-0632)	057.	632			
Malfilatre	Malfilâtre, Jacques-Charles-Louis Clinchamps de (1723-1767)	1723	1767			
Malherbe	Malherbe, François de (1555-1628)	1555	1628			
Mallet-du-Pan	Mallet Du Pan, Jacques (1749-1800)	1749	1800			
Mallet	Mallet, Paul-Henri (1730-1807)	1730	1807			
Mangenot	Mangenot, Louis (1694-1768)	1694	1768			
Manilius	Manilius, Marcus (00.. av. J.-C.-00..)					
Mannhardt	Mannhardt, Wilhelm (1831-1880)	1831	1880			
Marbach	Marbach, Gotthard Oswald (1810-1835)	1810	1835			
Marc-Aurèle	Marc Aurèle (0121-0180)	121	180			
Marchal	Marchal, Charles-François (1825-1877)	1825	1877			
Maréchal	Maréchal, Sylvain (1750-1803)	1750	1803			
Marlowe	Marlowe, Christopher (1564-1593)	1564	1593			
Marston	Marston, John (1575?-1634)	1575	1634			
Martin	Martin, Theodore (1816-1909)	1816	1909			
Martínez de la Rosa	Martínez de la Rosa, Francisco de Paula (1787-1862)	1787	1862			
Marvell	Marvell, Andrew (1621-1678)	1621	1678			
Maurice	Maurice, Thomas (1754-1824)	1754	1824			
Maxime de Tyr	Maxime de Tyr (0125-0185)	125	185			
Mazzoni	Mazzoni, Guido (1859-1943)	1859	1943			
Mélanippide de Mélos	Mélanippide de Mélos (05..-05.. av. J.-C.)	-05..	-05..			
Méléagre	Méléagre (0140?-0060? av. J.-C.)	-140	-60			
Ménandre	Ménandre (0342-0292 av. J.-C.)	-342	-292			
Menelaus	Menelaus, Marcus Cossutius (00..-00..)	00..	00..			
Menenius Lanatus	Menenius Lanatus, Agrippa (05..-04.. av. J.-C.)	-05..	-04..			
Mengs	Mengs, Anton Raphael (1728-1779)	1728	1779			
Ménon	Ménon					
Meredith	Meredith, George (1828-1909)	1828	1909			
Merivale	Merivale, John Herman (1779-1844)	1779	1844			
Mesomedes	Mesomedes (0130?-....)	130	....			
Meursius	Meursius, Johannes (1579-1639)	1579	1639			
Michelangelo	Michel-Ange (1475-1564)	1475	1564			
Mickle	Mickle, William Julius (1735-1788)	1735	1788			
Mieris	Mieris, Willem van (1662-1747)	1662	1747			
Mignard	Mignard, Pierre (1612-1695)	1612	1695			
Millais	Millais, John Everett (1829-1896)	1829	1896			
Millet	Millet, Jean-François (1814-1875)	1814	1875			
Millin	Millin, Aubin-Louis (1759-1818)	1759	1818			
Milman	Milman, Henry Hart (1791-1868)	1791	1868			
Milton	Milton, John (1608-1674)	1608	1674			
Minucius Félix	Minucius Felix, Marcus (02..?-0250?)	02..	250			
Mogk	Mogk, Eugen (1854-1939)	1854	1939			
Moïse	Moïse					
Molinari	Molinari, Antonio (1655-1704)	1655	1704			
Mondot	Mondot, Armand (1808-18..?)	1808	18..			
Monier	Monier-Williams, Monier (1819-1899)	1819	1899			
Montaigne	Montaigne, Michel de (1533-1592)	1533	1592			
Montéclair	Montéclair, Michel de (1667-1737)	1667	1737			
Monti	Monti, Vincenzo (1754-1828)	1754	1828			
Montorsoli	Montorsoli, Giovanni Angelo (1507?-1563)	1507	1563			
Moore A. W.	Moore, Aubertine Woodward (1841-1929)	1841	1929			
Moore Th.	Moore, Thomas (1779-1852)	1779	1852			
Moreau	Moreau, Gustave (1826-1898)	1826	1898			
Morel E.	Morel, Emma (18.. ?-18..?)	1850	1870	manuel	français	
Morel H.	Morel, Hyacinthe (1756-1829)	1756	1829			
Morley	Morley, Henry (1822-1894)	1822	1894			
Morris L.	Morris, Lewis (1833-1907)	1833	1907			
Morris W.	Morris, William (1834-1896)	1834	1896			
Morshead	Morshead, Edmund Doidge Anderson (1849-1912)	1849	1912			
Moschos	Moschos de Syracuse (01..-01.. av. J.-C.)	-01..	-01..			
Motherwell	Motherwell, William (1797-1835)	1797	1835			
Muir	Muir, John (1810-1882)	1810	1882			
Müller F. M.	Müller, Friedrich Max (1823-1900)	1823	1900			
Müller H. D.	Müller, Heinrich Dietrich (1819-1893)	1819	1893			
Müller K. O.	Müller, Karl Otfried (1797-1840)	1797	1840			
Murray	Murray, Alexander Stuart (1841-1904)	1841	1904			
Musée	Musée (poète ; 04..?-05..?)	04..	05..			
Musée d'Athènes	Musée d'Athènes					
Mutel	Mutel de Boucheville, Jacques-François (1730-1814)	1730	1814			
Myers	Myers, Ernest (1844-1921)	1844	1921			
Myller	Myller, Christoph Heinrich (1740-1807)	1740	1807			
Myro de Corinthe	Myro (02..?-02..? av. J.-C.)	-02..	-02..			
Myron	Myron (048.?-042.? av. J.-C.)	-048.	-042.			
Naevius	Naevius, Gnaeus (0270?-0201 av. J.-C.)	-270	-201			
Neaves	Neaves, Charles, Lord Neaves (1800-1876)	1800	1876			
Neide	Neide, Emil (1843-1908)	1843	1908			
Newton	Newton, Isaac (1642-1727)	1642	1727			
Nicandre	Nicandre de Colophon (0250?-0170? av. J.-C.)	-250	-170			
Noel R.	Noel, Roden (1834-1894)	1834	1894			
Nonnenbruch	Nonnenbruch, Max (1857-1922)	1857	1922			
Nonnos de Panopolis	Nonnos de Panopolis (04..-04..)	04..	04..			
Ogilby	Ogilby, John D. (1810-1851)	1810	1851			
Ordinaire	Ordinaire, Dionys (1826-1896)	1826	1896	manuel	français	
Olympiodore	Olympiodore (platonicien ; 05..-05..)	05..	05..			
Onomacrite	Onomacrite (05..-04.. av. J.-C.)	-05..	-04..			
Orphée	Orphée (mythologie grecque)					
Ossian	Ossian (auteur supposé)					
Overbeck	Overbeck, Johannes (1826-1895)	1826	1895			
Ovide	Ovide (0043 av. J.-C.-0017)					
Pacuvius	Pacuvius, Marcus (0220-0130? av. J.-C.)	-220	-130			
Paionios de Mendè	Paionios de Mendè (04..-04.. av. J.-C.)	-04..	-04..			
Paley	Paley, Frederick Apthorp (1815-1888)	1815	1888			
Palgrave	Palgrave, Francis Turner (1824-1897)	1824	1897			
Pallissot	Palissot de Montenoy, Charles (1730-1814)	1730	1814			
Palmer	Palmer, George Herbert (1842-1933)	1842	1933			
Paniasis	Paniasis (04..?-04..? av. J.-C.)	-04..	-04..			
Panis	Panis, Étienne-Jean (1757-1832)	1757	1832			
Papias	Papias (10..-.... ; grammairien)	10..	....			
Papperitz	Papperitz, Fritz Georg (1846-1918)	1846	1918			
Pâris	Paris, P. L. (oratorien ; Le P. )					
Parménide	Parménide d'Élée (0515?-0440? av. J.-C.)	-515	-440			
Parmigianino	Parmesan, Le (1503-1540)	1503	1540			
Parnell	Parnell, Thomas (1679-1718)	1679	1718			
Parni	Parny, Évariste Désiré de Forges (1753-1814 ; vicomte de)	1753	1814			
Parthénios	Parthénios de Nicée (00.. av. J.-C.-00..)					
Pater	Pater, Walter (1839-1894)	1839	1894			
Patmore	Patmore, Coventry (1823-1896)	1823	1896			
St. Paul	Paul					
Paul, fils	Paul, fils					
Paul H.	Paul, Hermann (1846-1921)	1846	1921			
Paupion	Paupion, Edouard-Jérôme (1854-1912)	1854	1912			
Pausanias	Pausanias (01..-01..)	01..	01..			
Peacock	Peacock, Thomas Love (1785-1866)	1785	1866			
Peele	Peele, George (1556-1596)	1556	1596			
Percival	Percival, James Gates (1795-1856)	1795	1856			
Périandre	Périandre (06..?--05..? av. J.-C.)	-06..	-05..			
Perrault	Perrault, Charles (1628-1703)	1628	1703			
Perse	Perse (0034-0062)	34	62			
Pesselier	Pesselier, Charles-Étienne (1712-1763)	1712	1763			
Petit	Petit, Pierre (1617-1687 ; médecin)	1617	1687			
Pétrone	Pétrone (00..?-0066)	00..	66			
Pfeiffer	Pfeiffer, Franz (1815-1868)	1815	1868			
Phanoclès	Phanoclès (02..-02.. av. J.-C.)	-02..	-02..			
Phèdre	Phèdre (0015? av. J.-C.-0054)					
Phidias	Phidias (0490?-0431 av. J.-C.)	-490	-431			
La Madelaine	Philipon de La Madelaine, Louis (1734-1818)	1734	1818			
Philips	Philips, Ambrose (1674-1749)	1674	1749			
Phocion	Phocion (0402?-0318 av. J.-C.)	-402	-318			
Phradmon	Phradmon (04..-04.. av. J.-C.)	-04..	-04..			
Phrynicos	Phrynicos le Tragique (0540?-0470? av. J.-C.)	-540	-470			
Picart	Picart, Bernard (1673-1733)	1673	1733			
Enea Silvio	Piccolomini, Enea Silvio (1405-1464)	1405	1464			
Pike	Pike, Albert (1809-1891)	1809	1891			
Pindare	Pindare (0518-0438 av. J.-C.)	-518	-438			
Pisandre	Pisandre (0645?-0590? av. J.-C.)	-645	-590			
Piso Frugi	Piso Frugi, Lucius Calpurnius (01..-01.. av. J.-C.)	-01..	-01..			
Pitt	Pitt, Christopher (1699-1748)	1699	1748			
Pittacos	Pittacos (0648?-0569? av. J.-C.)	-648	-569			
Pixis	Pixis, Theodor (1831-1907)	1831	1907			
Platon	Platon (0427?-0348? av. J.-C.)	-427	-348			
Plaute	Plaute (0254-0184 av. J.-C.)	-254	-184			
Pline l'Ancien	Pline l'Ancien (0023-0079)	23	79			
Plumptre	Plumptre, Edward Hayes (1821-1891)	1821	1891			
Plutarque	Plutarque (0046?-0120?)	46	120			
Sivry	Poinsinet de Sivry, Louis (1733-1804)	1733	1804			
Lachabeaussière	Poisson de La Chabeaussière, Auguste-Étienne-Xavier (1752-1820)	1752	1820			
Polyclète	Polyclète (0480?-04.. av. J.-C.)	-480	-04..			
Polydore de Rhodes	Polydore de Rhodes (00..-00..)	00..	00..	beaux-arts	dat. Laocoon	
Polygnote	Polygnote (04..-04.. av. J.-C.)	-04..	-04..			
Pomponius Mela	Pomponius Mela (0001-0099)	1	99			
Pons de Verdun	Pons de Verdun, Philippe-Laurent (1749-1844)	1749	1844			
Pope	Pope, Alexander (1688-1744)	1688	1744			
Porson	Porson, Richard (1759-1808)	1759	1808			
Potter	Potter, Robert (1721-1804)	1721	1804			
Poussin	Poussin, Nicolas (1594-1665)	1594	1665			
Powell F. Y.	Powell, Frederick York (1850-1904)	1850	1904			
Powell J. H.	Powell, John Wesley (1834-1902)	1834	1902			
Poynter	Poynter, Edward John (1836-1919)	1836	1919			
Praed	Praed, Winthrop Mackworth (1802-1839)	1802	1839			
Praxitèle	Praxitèle (0395?-0320? av. J.-C.)	-395	-320			
Preller	Preller, Ludwig (1809-1861)	1809	1861			
Prélong	Prélong					
Preston	Preston, Margaret Junkin (1820-1897)	1820	1897			
Prichard	Prichard, James Cowles (1786-1848)	1786	1848			
Prior	Prior, Matthew (1664-1721)	1664	1721			
Proclus	Proclus (0412-0485)	412	485			
Prodicos de Ceos	Prodicos de Ceos (05..-04.. av. J.-C.)	-05..	-04..			
Properce	Properce (0050?-0015? av. J.-C.)	-50	-15			
Pujet	Puget, Pierre (1620-1694)	1620	1694			
Pythagore	Pythagore (0580?-0500? av. J.-C.)	-580	-500			
Quinault	Quinault, Philippe (1635-1688)	1635	1688			
Quinte-Curce	Quinte-Curce (00..-00..)	00..	00..			
Quintilien	Quintilien (0030 ?-0100 ?)					
Quintus de Smyrne	Quintus de Smyrne (03..-03..)	03..	03..			
Racine	Racine, Jean (1639-1699)	1639	1699			
Racine L.	Racine, Louis (1692-1763)	1692	1763			
Rae	Rae, Henrietta (1859-1928)	1859	1928			
Raleigh	Raleigh, Walter (1554?-1618)	1554	1618			
Randolph	Randolph, Thomas (1605-1635)	1605	1635			
Raffaello	Raphaël (1483-1520)	1483	1520			
Rapisardi	Rapisardi, Mario (1844-1912)	1844	1912			
Rapp	Rapp, Adolf (1841-1905)	1841	1905			
Rāya	Rāya, Pratāpacandra (1842-1895)	1842	1895			
Read	Read, Thomas Buchanan (1822-1872)	1822	1872			
Reed	Reed, Elizabeth Armstrong (1842-1915)	1842	1915			
Rees	Rees, Abraham (1743–1825)					
Regnault	Regnault, Jean-Baptiste (1754-1829 ; baron)	1754	1829			
Rembrandt	Rembrandt (1606-1669)	1606	1669			
Reni	Reni, Guido (1575-1642)	1575	1642			
Renneville	Renneville, Sophie de (1772-1822)	1772	1822	manuel	français	
Reynolds	Reynolds, Joshua (1723-1792 ; Sir)	1723	1792			
Rhianus de Crète	Rhianus de Crète (02..-02.. av. J.-C.)	-02..	-02..			
Rhys	Rhys, John (1840-1915)	1840	1915			
Richardson L. J.	Richardson, Leon Josiah (1868-1964)	1868	1964			
Rigord	Rigord, François-Xavier (1690-1739)	1690	1739			
Rigutini	Rigutini, Giuseppe (1829-1903)	1829	1903			
Riley	Riley, Henry Thomas (1816-1878)	1816	1878			
Rinehart	Rinehart, William Henry (1825-1874)	1825	1874			
Rivière	Rivière, Briton (1840-1920)	1840	1920			
Robbins : Classic Tales	Robbins, Eliza (1786-1853)	1786	1853	manuel	américain	
Robbins : Elements	Robbins, Eliza (1786-1853)	1786	1853	manuel	américain	
Robinson	Robinson, Agnes Mary Frances (1857-1944)	1857	1944			
Rogers R.	Rogers, Randolph (1825-1892)	1825	1892			
Rogers S.	Rogers, Samuel (1763-1855)	1763	1855			
Rollin	Rollin, Charles (1661-1741)	1661	1741			
Romano G.	Romain, Jules (1499?-1546)	1499	1546			
Roman	Roman, Jean-Joseph-Thérèse (1726-1787)	1726	1787			
Roscher	Roscher, Wilhelm Heinrich (1845-1923)	1845	1923			
Roscommon	Roscommon, Wentworth Dillon (1633?-1685 ; Earl of)	1633	1685			
Rosinus	Rosinus, Joannes (1551-1626)	1551	1626			
Ross	Ross, Rebecca Sophia					
Rossetti	Rossetti, Dante Gabriel (1828-1882)	1828	1882			
Tresséol	Roubaud de Tresséol, Pierre-Ignace (1740-1788)	1740	1788			
Roucher	Roucher, Jean-Antoine (1745-1794)	1745	1794			
Rousseau J.-B.	Rousseau, Jean-Baptiste (1670-1741)	1670	1741			
Roux	Roux, H. (18..-18.. ; aîné)	18..	18..			
Rowe	Rowe, Nicholas (1674-1718)	1674	1718			
Roy	Roy, Pierre-Charles (1683-1764)	1683	1764			
Rubens	Rubens, Petrus Paulus (1577-1640)	1577	1640			
Ruskin	Ruskin, John (1819-1900)	1819	1900			
Sabatier	Sabatier, André-Hyacinthe (1726-1806)	1726	1806			
Sackville	Sackville, Charles (1643-1706)	1643	1706			
Saemund	Saemund Sigfússon (1056?-1133)	1056	1133			
Seamund	Saemund Sigfússon (1056?-1133)	1056	1133			
Saint-Ange	Saint-Ange, Ange-François Fariau de (1747-1810)	1747	1810			
Saint-Lambert	Saint-Lambert, Jean-François de (1716-1803)	1716	1803			
Sanchoniathon	Sanchoniathon (11..?-11..? av. J.-C.)	-11..	-11..			
Sandys	Sandys, George (1578-1644)	1578	1644			
Sapio	Sapio, Giuseppe					
Sappho	Sappho (0612?-0557? av. J.-C.)	-612	-557			
Sautereau	Sautereau de Belleveau, Jean (1741-1809)	1741	1809			
Savary	Savary, Claude (1750-1788)	1750	1788			
Saxe	Saxe, John Godfrey (1816-1887)	1816	1887			
Scaron	Scarron, Paul (1610-1660)	1610	1660			
Scheffer	Scheffer, Ary (1795-1858)	1795	1858			
Schiavoni	Schiavoni, Natale (1777-1858)	1777	1858			
Schiller	Schiller, Friedrich von (1759-1805)	1759	1805			
Schirmer	Schirmer, Adolf (1853-19..)	1853	19..			
Schliemann	Schliemann, Heinrich (1822-1890)	1822	1890			
Schnorr	Schnorr von Carolsfeld, Julius (1794-1872)	1794	1872			
Schobelt	Schobelt, Paul (1838-1893)	1838	1893			
De Schosne	Schosne (Abbé Lebeau de)					
Schultz	Schultz, August (1852-1889)	1852	1889			
Schützenberger	Schützenberger, Louis Frédéric (1825-1903)	1825	1903			
Scopas	Scopas (0395?-0350? av. J.-C.)	-395	-350			
Scott	Scott, Walter (1771-1832)	1771	1832			
Mademoiselle Scudéri	Scudéry, Madeleine de (1607-1701)	1607	1701			
Bubalus	scultore antico					
Seifert	Seifert, Alfred (1850-1901)	1850	1901			
Sélis	Sélis, Nicolas-Joseph (1737-1802)	1737	1802			
Sénèque	Sénèque (0004 av. J.-C.-0065)					
Servius	Servius, Maurus Honoratus (0363?-03..)	363	03..			
Shakespeare	Shakespeare, William (1564-1616)	1564	1616			
Shelley	Shelley, Percy Bysshe (1792-1822)	1792	1822			
Sibylle	Sibylle					
Sichel	Sichel, Nathaniel (1844-1907)	1844	1907			
Sidney	Sidney, Philip (1554-1586)	1554	1586			
Silius Italicus	Silius Italicus, Tiberius Catius (0025?-0101)	25	101			
Sill	Sill, Edward Rowland (1841-1887)	1841	1887			
Sime	Sime, James (1843-1895)	1843	1895			
Simonide de Céos	Simonide de Céos (0556-0467 av. J-C.)	-556	-467			
Simrock	Simrock, Karl Joseph (1802-1876)	1802	1876			
Smart	Smart, Christopher (1722-1771)	1722	1771			
Smith	Smith, William (1813-1893 ; Sir)	1813	1893			
Snorri	Snorri Sturluson (1179?-1241)	1179	1241			
Socrate	Socrate (0469?-0399? av. J.-C.)	-469	-399			
Solimena	Solimena, Francesco (1657-1747)	1657	1747			
Solomon	Solomon, Solomon Joseph (1860-1927)	1860	1927			
Solon	Solon (0640?-0561 av. J.-C.)	-640	-561			
Somerville	Somerville, William (1675-1742)	1675	1742			
Sophocle	Sophocle (0496?-0406 av. J.-C.)	-496	-406			
Sostrate	Sostrate de Cnide (prima metà del terzo secolo a. C.)					
Southey	Southey, Robert (1774-1843)	1774	1843			
Spenser	Spenser, Edmund (1552?-1599)	1552	1599			
St. John A. R.	St. John, A. R. (Mrs.)					
Stace	Stace (0040?-0096)	40	96			
Stallybrass	Stallybrass, James Steven (1826-1888)	1826	1888			
Stanley	Stanley, Henry Morton (1841–1904)					
Stanyhurst	Stanyhurst, Richard (1547-1618)	1547	1618			
Stapylton	Stapylton, Robert (16..-1669)	16..	1669			
Stasinos de Chypre	Stasinos de Chypre					
Stedman	Stedman, Edmund Clarence (1833-1908)	1833	1908			
Stephanus	Stephanus (00..-00..)	00..	00..			
Stephens	Stephens, George (1813-1895)	1813	1895			
Stésichore	Stésichore (0640?-0550? av. J.-C.)	-640	-550			
Stoddard	Stoddard, Richard Henry (1825-1903)	1825	1903			
Story	Story, William Wetmore (1819-1895)	1819	1895			
Strabon	Strabon (0060? av. J.-C.-0020?)					
Suétone	Suétone (0069?-0126?)	69	126			
Suidas	Suidas (0976?-1028?)	976	1028			
Surrey	Surrey, Henry Howard (1517?-1547 ; comte de)	1517	1547			
Swan	Swan, John Macallan (1846-1910)	1846	1910			
Swanwick	Swanwick, Anna (1813-1899)	1813	1899			
Swift	Swift, Jonathan (1667-1745)	1667	1745			
Swinburne	Swinburne, Algernon Charles (1837-1909)	1837	1909			
Syme	Syme, James (1799-1870)	1799	1870			
Tacite	Tacite (0055?-0120?)	55	120			
Talfourd	Talfourd, Thomas Noon (1795-1854)	1795	1854			
Tasso	Tasse, Le (1544-1595)	1544	1595			
Taylor	Taylor, Bayard (1825-1878)	1825	1878			
Tennyson A.	Tennyson, Alfred (1809-1892)	1809	1892			
Tennyson F.	Tennyson, Frederick (1807-1898)	1807	1898			
Térence	Térence (0190?-0159 av. J.-C.)	-190	-159			
Terpandre	Terpandre (07..-07.. av. J.-C.)	-07..	-07..			
Teschendorff	Teschendorff, Emil (1823-1894)	1823	1894			
Thalès	Thalès de Milet (0625?-0547? av. J.-C.)	-625	-547			
Théagène	Théagène de Rhégium (05..-05.. av. J.-C.)	-05..	-05..			
Théocrite	Théocrite (0300-0250 av. J.-C.)	-300	-250			
Théodecte de Phasélis	Théodecte de Phasélis (04..-04.. av. J.-C.)	-04..	-04..			
Théognis	Théognis de Mégare (06..-06.. av. J.-C.)	-06..	-06..			
Thierry	Thierry, Amédée (1797-1873)	1797	1873			
Thomas A. L.	Thomas, Antoine Léonard (1732-1785)	1732	1785			
Thomas E.	Thomas, Edith Mathilda (1854-1925)	1854	1925			
Thomson	Thomson, James (1700-1748)	1700	1748			
Thormodus	Thormodus Torfæus (1636-1719)	1636	1719			
Thorpe	Thorpe, Benjamin (1782-1870)	1782	1870			
Thorvaldsen	Thorvaldsen, Bertel (1770-1844)	1770	1844			
Thucydide	Thucydide (0460?-0395? av. J.-C.)	-460	-395			
Thumann	Thumann, Paul (1834-1908)	1834	1908			
Tibulle	Tibulle (0050?-0018? av. J.-C.)	-50	-18			
Tickell	Tickell, Thomas (1686-1740)	1686	1740			
Tiele	Tiele, Cornelis Petrus (1830-1902)	1830	1902			
Timon le Sillographe	Timon le Sillographe (0320-0230 av. J.-C.)	-320	-230			
Timothéos d'Épidaure	Timothéos d'Épidaure (03..-03.. av. J.-C.)	-03..	-03..			
Tintoretto	Tintoret, Le (1518-1594)	1518	1594			
Tite-Live	Tite-Live (0059? av. J.-C.-0017)					
Tiziano	Titien (1489?-1576)	1489	1576			
Metastasio	Trapassi, Pietro, detto Metastasio (1698-1782)	1698	1782			
Tressan	Tressan, Maurice-Élisabeth de Lavergne de (1749-1809)	1749	1809	manuel	français	
Tryphiodore	Tryphiodore (03..-03..)	03..	03..			
Turchi	Turchi, Alessandro (1578-1649)	1578	1649			
Turner C. T.	Turner, Charles Tennyson (1808-1879)	1808	1879			
Turner J. M.	Turner, Joseph Mallord William (1775-1851)	1775	1851			
Tylor	Tylor, Edward Burnett (1832-1917)	1832	1917			
Tzetzès	Tzetzès, Jean (1110-1180?)	1110	1180			
Valère Maxime	Valère Maxime					
Valerius Flaccus	Valerius Flaccus, Caius (0045?-0090?)	45	90			
Vālmīki	Vālmīki					
Van Beers	Van Beers, Jan (1852-1927)	1852	1927			
Van der Werff	Van der Werff, Adriaan (1659-1722)	1659	1722			
Van Dyck	Van Dyck, Anton (1599-1641)	1599	1641			
Varron	Varron (0116-0027 av. J.-C.)	-116	-27			
Vedder	Vedder, Elihu (1836-1923)	1836	1923			
Velázquez	Velázquez, Diego (1599-1660)	1599	1660			
Venance	Venance, Le P. (1762-1794 ; Venance Dougados, en rel.)	1762	1794			
Verdier	Verdier, Suzanne Allut (1745-1813 ; Mme)	1745	1813			
Verninac	Verninac de Saint-Maur, Raymond de (1762-1822)	1762	1822			
Veronese	Véronèse (1528-1588)	1528	1588			
Vien	Vien, Joseph-Marie (1716-1809)	1716	1809			
Vigée	Vigée, Louis-Jean-Baptiste-Étienne (1758-1820)	1758	1820			
Villard	Villar, Noël-Gabriel-Luce (1748-1826)	1748	1826			
Villemain	Villemain d'Abancourt, François-Jean (1745-1803)	1745	1803			
Vilmar	Vilmar, August Friedrich Christian (1800-1868)	1800	1868			
Virgile	Virgile (0070-0019 av. J.-C.)	-70	-19			
Voiture	Voiture, Vincent (1597-1648)	1597	1648			
Voltaire	Voltaire (1694-1778)	1694	1778			
Vossius	Vossius, Gerardus Joannes (1577-1649)	1577	1649			
Vyāsa	Vyāsa					
Wade	Wade, Thomas (1805-1875)	1805	1875			
Wagner	Wagner, Richard (1813-1883)	1813	1883			
Waller	Waller, Edmund (1606-1687)	1606	1687			
Ward	Ward, William (1769-1823)	1769	1823			
Warren	Warren, John Byrne Leicester (1835-1895 ; Baron de Tabley)	1835	1895			
Warton	Warton, Joseph (1722-1800)	1722	1800			
Watteau	Watteau, Antoine (1684-1721)	1684	1721			
Watts	Watts, George Frederic (1817-1904)	1817	1904			
Weber	Weber, Albrecht Friedrich (1825-1901)	1825	1901			
Webster J. A.	Webster, Julia Augusta (1837-1894)	1837	1894			
Webster N.	Webster, Noah (1758-1843)	1758	1843			
Welcker	Welcker, Friedrich Gottlieb (1784–1868)					
West	West, Edward William (1824-1905)	1824	1905			
Wharton	Wharton, Joseph (1722-1800)	1722	1800			
Voeser	Wheler, George (1651-1724)	1651	1724			
White H. K.	White, Henry Kirke (1785-1806)	1785	1806			
White C. A.	White, Catherine Ann (1825-1878)	1825	1806	manuel	américain	
Whitelaw	Whitelaw, Robert (1843–1917)					
Whitney	Whitney, William Dwight (1827-1894)	1827	1894			
Wiertz	Wiertz, Antoine Joseph (1806-1865)	1806	1865			
Wilde	Wilde, Oscar (1854-1900)	1854	1900			
 Wilkinson J. C.	Wilkinson, John Gardner (1797-1875)	1797	1875			
Wilkinson W. C.	Wilkinson, William Cleaver (1831-1920)	1831	1920			
Wilson	Wilson, Horace Hayman (1786-1860)	1786	1860			
Horn	Winkel Horn, Erhardt Frederik (1845-1898)	1845	1898			
Wodhull	Wodhull, Michael (1740-1816)	1740	1816			
Woolner	Woolner, Thomas (1825-1892)	1825	1892			
Wordsworth	Wordsworth, William (1770-1850)	1770	1850			
Worsley	Worsley, Philip Stanhope (1835-1866)	1835	1866			
Wyatt	Wyatt, Thomas (1503-1542)	1503	1542			
Xénophon	Xénophon (0430?-0355? av. J.-C.)	-430	-355			
Yalden	Yalden, Thomas (1670–1736)					
Young	Young, Edward (1681-1765)	1681	1765			
Zarathushtra	Zarathushtra (06..?-.... av. J.-C.)	-06..	-....			
Zeuxis	Zeuxis (0464-0398 av. J.-C.)	-464	-398			
Zick	Zick, Alexander (1845-1907)	1845	1907			
Thorleifur Jónsson	Thorleifur Jónsson (1845-1911)	1845	1911			